{"v":"5.9.6","fr":25,"ip":0,"op":151,"w":1080,"h":1080,"nm":"Diet 4","ddd":0,"assets":[],"layers":[{"ddd":0,"ind":1,"ty":4,"nm":"Layer 6","parent":6,"sr":1,"ks":{"o":{"a":0,"k":100,"ix":11},"r":{"a":1,"k":[{"i":{"x":[0.667],"y":[1]},"o":{"x":[0.333],"y":[0]},"t":10,"s":[0]},{"i":{"x":[0.667],"y":[1]},"o":{"x":[0.296],"y":[0]},"t":20,"s":[-8]},{"i":{"x":[0.813],"y":[1]},"o":{"x":[0.296],"y":[0]},"t":27,"s":[-5]},{"i":{"x":[0.667],"y":[1]},"o":{"x":[0.167],"y":[0]},"t":39,"s":[-8]},{"i":{"x":[0.667],"y":[1]},"o":{"x":[0.333],"y":[0]},"t":49,"s":[0]},{"i":{"x":[0.667],"y":[1]},"o":{"x":[0.333],"y":[0]},"t":75,"s":[0]},{"i":{"x":[0.667],"y":[1]},"o":{"x":[0.296],"y":[0]},"t":85,"s":[-8]},{"i":{"x":[0.813],"y":[1]},"o":{"x":[0.296],"y":[0]},"t":92,"s":[-5]},{"i":{"x":[0.667],"y":[1]},"o":{"x":[0.167],"y":[0]},"t":104,"s":[-8]},{"t":114,"s":[0]}],"ix":10},"p":{"a":1,"k":[{"i":{"x":0.667,"y":1},"o":{"x":0.333,"y":0},"t":10,"s":[505.748,668.322,0],"to":[-1.667,-8.667,0],"ti":[1.667,8.667,0]},{"i":{"x":0.667,"y":0.667},"o":{"x":0.333,"y":0.333},"t":20,"s":[495.748,616.322,0],"to":[0,0,0],"ti":[0,0,0]},{"i":{"x":0.667,"y":1},"o":{"x":0.333,"y":0},"t":39,"s":[495.748,616.322,0],"to":[1.667,8.667,0],"ti":[-1.667,-8.667,0]},{"i":{"x":0.667,"y":0.667},"o":{"x":0.333,"y":0.333},"t":49,"s":[505.748,668.322,0],"to":[0,0,0],"ti":[0,0,0]},{"i":{"x":0.667,"y":1},"o":{"x":0.333,"y":0},"t":75,"s":[505.748,668.322,0],"to":[-1.667,-8.667,0],"ti":[1.667,8.667,0]},{"i":{"x":0.667,"y":0.667},"o":{"x":0.333,"y":0.333},"t":85,"s":[495.748,616.322,0],"to":[0,0,0],"ti":[0,0,0]},{"i":{"x":0.667,"y":1},"o":{"x":0.333,"y":0},"t":104,"s":[495.748,616.322,0],"to":[1.667,8.667,0],"ti":[-1.667,-8.667,0]},{"t":114,"s":[505.748,668.322,0]}],"ix":2,"l":2},"a":{"a":0,"k":[505.748,668.322,0],"ix":1,"l":2},"s":{"a":0,"k":[100,100,100],"ix":6,"l":2}},"ao":0,"shapes":[{"ty":"gr","it":[{"ind":0,"ty":"sh","ix":1,"ks":{"a":0,"k":{"i":[[-3.569,-0.346],[-29.913,6.804],[3.314,-2.456],[12.646,-5.644],[15.526,15.863],[0,0]],"o":[[19.837,1.923],[4.022,-0.915],[-9.038,6.698],[-20.27,9.047],[0,0],[-2.508,-2.563]],"v":[[-46.789,-13.67],[46.335,-15.562],[49.449,-8.745],[16.147,11.165],[-43.454,-0.576],[-49.899,-7.161]],"c":true},"ix":2},"nm":"Path 1","mn":"ADBE Vector Shape - Group","hd":false},{"ty":"st","c":{"a":0,"k":[1,0.988235294819,0.941176474094,1],"ix":3},"o":{"a":0,"k":100,"ix":4},"w":{"a":0,"k":17.165,"ix":5},"lc":2,"lj":2,"bm":0,"nm":"Stroke 1","mn":"ADBE Vector Graphic - Stroke","hd":false},{"ty":"fl","c":{"a":0,"k":[1,0.988235294819,0.941176474094,1],"ix":4},"o":{"a":0,"k":100,"ix":5},"r":1,"bm":0,"nm":"Fill 1","mn":"ADBE Vector Graphic - Fill","hd":false},{"ty":"tr","p":{"a":1,"k":[{"i":{"x":0.833,"y":1},"o":{"x":0.167,"y":0},"t":20,"s":[457.511,740.396],"to":[-5.833,-0.5],"ti":[0,0]},{"i":{"x":0.833,"y":1},"o":{"x":0.167,"y":0},"t":28,"s":[422.511,737.396],"to":[0,0],"ti":[-5.833,-0.5]},{"i":{"x":0.833,"y":0.833},"o":{"x":0.167,"y":0.167},"t":39,"s":[457.511,740.396],"to":[0,0],"ti":[0,0]},{"i":{"x":0.833,"y":1},"o":{"x":0.167,"y":0},"t":85,"s":[457.511,740.396],"to":[-5.833,-0.5],"ti":[0,0]},{"i":{"x":0.833,"y":1},"o":{"x":0.167,"y":0},"t":93,"s":[422.511,737.396],"to":[0,0],"ti":[-5.833,-0.5]},{"t":104,"s":[457.511,740.396]}],"ix":2},"a":{"a":0,"k":[0,0],"ix":1},"s":{"a":0,"k":[100,100],"ix":3},"r":{"a":0,"k":0,"ix":6},"o":{"a":0,"k":100,"ix":7},"sk":{"a":0,"k":0,"ix":4},"sa":{"a":0,"k":0,"ix":5},"nm":"Transform"}],"nm":"Group 1","np":3,"cix":2,"bm":0,"ix":1,"mn":"ADBE Vector Group","hd":false},{"ty":"gr","it":[{"ind":0,"ty":"sh","ix":1,"ks":{"a":0,"k":{"i":[[-3.215,-7.345],[13.442,-5.884],[3.215,7.345],[-13.442,5.884]],"o":[[3.215,7.345],[-13.442,5.884],[-3.215,-7.345],[13.442,-5.884]],"v":[[24.339,-10.654],[5.821,13.299],[-24.339,10.654],[-5.821,-13.299]],"c":true},"ix":2},"nm":"Path 1","mn":"ADBE Vector Shape - Group","hd":false},{"ty":"fl","c":{"a":0,"k":[1,1,1,1],"ix":4},"o":{"a":0,"k":100,"ix":5},"r":1,"bm":0,"nm":"Fill 1","mn":"ADBE Vector Graphic - Fill","hd":false},{"ty":"tr","p":{"a":1,"k":[{"i":{"x":0.833,"y":1},"o":{"x":0.167,"y":0},"t":20,"s":[465.472,570.806],"to":[3.167,-0.833],"ti":[0,0]},{"i":{"x":0.833,"y":1},"o":{"x":0.167,"y":0},"t":28,"s":[484.472,565.806],"to":[0,0],"ti":[3.167,-0.833]},{"i":{"x":0.833,"y":0.833},"o":{"x":0.167,"y":0.167},"t":39,"s":[465.472,570.806],"to":[0,0],"ti":[0,0]},{"i":{"x":0.833,"y":1},"o":{"x":0.167,"y":0},"t":85,"s":[465.472,570.806],"to":[3.167,-0.833],"ti":[0,0]},{"i":{"x":0.833,"y":1},"o":{"x":0.167,"y":0},"t":93,"s":[484.472,565.806],"to":[0,0],"ti":[3.167,-0.833]},{"t":104,"s":[465.472,570.806]}],"ix":2},"a":{"a":0,"k":[0,0],"ix":1},"s":{"a":1,"k":[{"i":{"x":[0.833,0.833],"y":[1,1]},"o":{"x":[0.167,0.167],"y":[0,0]},"t":20,"s":[100,100]},{"i":{"x":[0.833,0.833],"y":[1,1]},"o":{"x":[0.167,0.167],"y":[0,0]},"t":28,"s":[100,92]},{"i":{"x":[0.833,0.833],"y":[1,1]},"o":{"x":[0.167,0.167],"y":[0,0]},"t":39,"s":[100,100]},{"i":{"x":[0.833,0.833],"y":[1,1]},"o":{"x":[0.167,0.167],"y":[0,0]},"t":85,"s":[100,100]},{"i":{"x":[0.833,0.833],"y":[1,1]},"o":{"x":[0.167,0.167],"y":[0,0]},"t":93,"s":[100,92]},{"t":104,"s":[100,100]}],"ix":3},"r":{"a":0,"k":0,"ix":6},"o":{"a":0,"k":100,"ix":7},"sk":{"a":0,"k":0,"ix":4},"sa":{"a":0,"k":0,"ix":5},"nm":"Transform"}],"nm":"Group 2","np":2,"cix":2,"bm":0,"ix":2,"mn":"ADBE Vector Group","hd":false},{"ty":"gr","it":[{"ind":0,"ty":"sh","ix":1,"ks":{"a":0,"k":{"i":[[-8.737,-29.667],[35.991,-10.6],[8.737,29.667],[-35.991,10.6]],"o":[[8.737,29.667],[-35.991,10.6],[-8.737,-29.667],[35.991,-10.6]],"v":[[65.334,-11.111],[7.315,32.353],[-65.001,27.275],[-14.329,-41.14]],"c":true},"ix":2},"nm":"Path 1","mn":"ADBE Vector Shape - Group","hd":false},{"ty":"fl","c":{"a":0,"k":[0.988235294819,0.670588254929,0.145098045468,1],"ix":4},"o":{"a":0,"k":100,"ix":5},"r":1,"bm":0,"nm":"Fill 1","mn":"ADBE Vector Graphic - Fill","hd":false},{"ty":"tr","p":{"a":0,"k":[505.669,646.436],"ix":2},"a":{"a":0,"k":[0,0],"ix":1},"s":{"a":1,"k":[{"i":{"x":[0.833,0.833],"y":[1,1]},"o":{"x":[0.167,0.167],"y":[0,0]},"t":20,"s":[100,100]},{"i":{"x":[0.833,0.833],"y":[1,1]},"o":{"x":[0.167,0.167],"y":[0,0]},"t":28,"s":[92,92]},{"i":{"x":[0.833,0.833],"y":[1,1]},"o":{"x":[0.167,0.167],"y":[0,0]},"t":39,"s":[100,100]},{"i":{"x":[0.833,0.833],"y":[1,1]},"o":{"x":[0.167,0.167],"y":[0,0]},"t":85,"s":[100,100]},{"i":{"x":[0.833,0.833],"y":[1,1]},"o":{"x":[0.167,0.167],"y":[0,0]},"t":93,"s":[92,92]},{"t":104,"s":[100,100]}],"ix":3},"r":{"a":0,"k":0,"ix":6},"o":{"a":0,"k":100,"ix":7},"sk":{"a":0,"k":0,"ix":4},"sa":{"a":0,"k":0,"ix":5},"nm":"Transform"}],"nm":"Group 3","np":2,"cix":2,"bm":0,"ix":3,"mn":"ADBE Vector Group","hd":false},{"ty":"gr","it":[{"ind":0,"ty":"sh","ix":1,"ks":{"a":0,"k":{"i":[[-14.975,-50.848],[61.686,-18.167],[14.975,50.848],[-61.686,18.167]],"o":[[14.975,50.848],[-61.686,18.167],[-14.975,-50.848],[61.686,-18.167]],"v":[[111.979,-19.043],[12.537,55.45],[-111.407,46.747],[-24.56,-70.511]],"c":true},"ix":2},"nm":"Path 1","mn":"ADBE Vector Shape - Group","hd":false},{"ty":"st","c":{"a":0,"k":[0.992156863213,0.847058832645,0.192156866193,1],"ix":3},"o":{"a":0,"k":100,"ix":4},"w":{"a":0,"k":17.165,"ix":5},"lc":2,"lj":2,"bm":0,"nm":"Stroke 1","mn":"ADBE Vector Graphic - Stroke","hd":false},{"ty":"fl","c":{"a":0,"k":[0.992156863213,0.847058832645,0.192156866193,1],"ix":4},"o":{"a":0,"k":100,"ix":5},"r":1,"bm":0,"nm":"Fill 1","mn":"ADBE Vector Graphic - Fill","hd":false},{"ty":"tr","p":{"a":0,"k":[500.366,623.065],"ix":2},"a":{"a":0,"k":[0,0],"ix":1},"s":{"a":0,"k":[100,100],"ix":3},"r":{"a":0,"k":0,"ix":6},"o":{"a":0,"k":100,"ix":7},"sk":{"a":0,"k":0,"ix":4},"sa":{"a":0,"k":0,"ix":5},"nm":"Transform"}],"nm":"Group 4","np":3,"cix":2,"bm":0,"ix":4,"mn":"ADBE Vector Group","hd":false},{"ty":"gr","it":[{"ind":0,"ty":"sh","ix":1,"ks":{"a":0,"k":{"i":[[0,0],[-34.281,17.687],[-53.304,13.467],[-34.083,-1.761]],"o":[[-9.062,-43.632],[49.063,-25.314],[32.872,-8.305],[0,0]],"v":[[-160.436,79.368],[-96.765,-11.564],[60.44,-65.6],[161.781,-79.093]],"c":false},"ix":2},"nm":"Path 1","mn":"ADBE Vector Shape - Group","hd":false},{"ty":"st","c":{"a":0,"k":[1,0.988235294819,0.941176474094,1],"ix":3},"o":{"a":0,"k":100,"ix":4},"w":{"a":0,"k":17.165,"ix":5},"lc":2,"lj":2,"bm":0,"nm":"Stroke 1","mn":"ADBE Vector Graphic - Stroke","hd":false},{"ty":"tr","p":{"a":0,"k":[467.813,625.735],"ix":2},"a":{"a":0,"k":[0,0],"ix":1},"s":{"a":0,"k":[100,100],"ix":3},"r":{"a":0,"k":0,"ix":6},"o":{"a":0,"k":100,"ix":7},"sk":{"a":0,"k":0,"ix":4},"sa":{"a":0,"k":0,"ix":5},"nm":"Transform"}],"nm":"Group 5","np":2,"cix":2,"bm":0,"ix":5,"mn":"ADBE Vector Group","hd":false},{"ty":"gr","it":[{"ind":0,"ty":"sh","ix":1,"ks":{"a":0,"k":{"i":[[108.566,-31.983],[42.711,36.732],[3.433,11.672],[-108.566,31.983],[-37.934,-28.551],[-2.546,-8.639]],"o":[[-82.19,24.202],[-7.924,-9.326],[-20.254,-68.773],[85.337,-25.146],[4.691,6.151],[20.254,68.744]],"v":[[30.818,103.737],[-173.898,79.992],[-191.12,48.438],[-18.273,-90.051],[179.806,-100.75],[190.706,-78.665]],"c":true},"ix":2},"nm":"Path 1","mn":"ADBE Vector Shape - Group","hd":false},{"ty":"st","c":{"a":0,"k":[1,0.964705884457,0.835294127464,1],"ix":3},"o":{"a":0,"k":100,"ix":4},"w":{"a":0,"k":17.165,"ix":5},"lc":2,"lj":2,"bm":0,"nm":"Stroke 1","mn":"ADBE Vector Graphic - Stroke","hd":false},{"ty":"fl","c":{"a":0,"k":[1,0.964705884457,0.835294127464,1],"ix":4},"o":{"a":0,"k":100,"ix":5},"r":1,"bm":0,"nm":"Fill 1","mn":"ADBE Vector Graphic - Fill","hd":false},{"ty":"tr","p":{"a":0,"k":[500.085,662.99],"ix":2},"a":{"a":0,"k":[0,0],"ix":1},"s":{"a":0,"k":[100,100],"ix":3},"r":{"a":0,"k":0,"ix":6},"o":{"a":0,"k":100,"ix":7},"sk":{"a":0,"k":0,"ix":4},"sa":{"a":0,"k":0,"ix":5},"nm":"Transform"}],"nm":"Group 6","np":3,"cix":2,"bm":0,"ix":6,"mn":"ADBE Vector Group","hd":false},{"ty":"gr","it":[{"ind":0,"ty":"sh","ix":1,"ks":{"a":0,"k":{"i":[[108.566,-31.955],[38.62,45.543],[3.433,11.672],[-108.566,31.983],[-37.934,-28.551],[-4.32,-14.704]],"o":[[-90.114,26.548],[-7.924,-9.326],[-20.254,-68.773],[85.337,-25.146],[10.299,7.753],[20.254,68.773]],"v":[[36.454,109.383],[-179.562,74.339],[-196.784,42.785],[-23.937,-95.705],[174.142,-106.404],[196.37,-73.019]],"c":true},"ix":2},"nm":"Path 1","mn":"ADBE Vector Shape - Group","hd":false},{"ty":"st","c":{"a":0,"k":[0.992156863213,0.839215695858,0.698039233685,1],"ix":3},"o":{"a":0,"k":100,"ix":4},"w":{"a":0,"k":17.165,"ix":5},"lc":2,"lj":2,"bm":0,"nm":"Stroke 1","mn":"ADBE Vector Graphic - Stroke","hd":false},{"ty":"fl","c":{"a":0,"k":[0.992156863213,0.839215695858,0.698039233685,1],"ix":4},"o":{"a":0,"k":100,"ix":5},"r":1,"bm":0,"nm":"Fill 1","mn":"ADBE Vector Graphic - Fill","hd":false},{"ty":"tr","p":{"a":0,"k":[505.748,668.643],"ix":2},"a":{"a":0,"k":[0,0],"ix":1},"s":{"a":0,"k":[100,100],"ix":3},"r":{"a":0,"k":0,"ix":6},"o":{"a":0,"k":100,"ix":7},"sk":{"a":0,"k":0,"ix":4},"sa":{"a":0,"k":0,"ix":5},"nm":"Transform"}],"nm":"Group 7","np":3,"cix":2,"bm":0,"ix":7,"mn":"ADBE Vector Group","hd":false}],"ip":0,"op":151,"st":0,"ct":1,"bm":0},{"ddd":0,"ind":2,"ty":4,"nm":"Layer 5","parent":6,"sr":1,"ks":{"o":{"a":0,"k":100,"ix":11},"r":{"a":1,"k":[{"i":{"x":[0.667],"y":[1]},"o":{"x":[0.333],"y":[0]},"t":10,"s":[0]},{"i":{"x":[0.667],"y":[1]},"o":{"x":[0.296],"y":[0]},"t":20,"s":[10]},{"i":{"x":[0.813],"y":[1]},"o":{"x":[0.296],"y":[0]},"t":35,"s":[8]},{"i":{"x":[0.667],"y":[1]},"o":{"x":[0.167],"y":[0]},"t":39,"s":[10]},{"i":{"x":[0.667],"y":[1]},"o":{"x":[0.333],"y":[0]},"t":49,"s":[0]},{"i":{"x":[0.667],"y":[1]},"o":{"x":[0.333],"y":[0]},"t":75,"s":[0]},{"i":{"x":[0.667],"y":[1]},"o":{"x":[0.296],"y":[0]},"t":85,"s":[10]},{"i":{"x":[0.813],"y":[1]},"o":{"x":[0.296],"y":[0]},"t":100,"s":[8]},{"i":{"x":[0.667],"y":[1]},"o":{"x":[0.167],"y":[0]},"t":104,"s":[10]},{"t":114,"s":[0]}],"ix":10},"p":{"a":1,"k":[{"i":{"x":0.667,"y":1},"o":{"x":0.333,"y":0},"t":10,"s":[708.309,651.665,0],"to":[10,-6.333,0],"ti":[-10,6.333,0]},{"i":{"x":0.667,"y":0.667},"o":{"x":0.333,"y":0.333},"t":20,"s":[768.309,613.665,0],"to":[0,0,0],"ti":[0,0,0]},{"i":{"x":0.667,"y":1},"o":{"x":0.333,"y":0},"t":39,"s":[768.309,613.665,0],"to":[-10,6.333,0],"ti":[10,-6.333,0]},{"i":{"x":0.667,"y":0.667},"o":{"x":0.333,"y":0.333},"t":49,"s":[708.309,651.665,0],"to":[0,0,0],"ti":[0,0,0]},{"i":{"x":0.667,"y":1},"o":{"x":0.333,"y":0},"t":75,"s":[708.309,651.665,0],"to":[10,-6.333,0],"ti":[-10,6.333,0]},{"i":{"x":0.667,"y":0.667},"o":{"x":0.333,"y":0.333},"t":85,"s":[768.309,613.665,0],"to":[0,0,0],"ti":[0,0,0]},{"i":{"x":0.667,"y":1},"o":{"x":0.333,"y":0},"t":104,"s":[768.309,613.665,0],"to":[-10,6.333,0],"ti":[10,-6.333,0]},{"t":114,"s":[708.309,651.665,0]}],"ix":2,"l":2},"a":{"a":0,"k":[708.309,651.666,0],"ix":1,"l":2},"s":{"a":0,"k":[100,100,100],"ix":6,"l":2}},"ao":0,"shapes":[{"ty":"gr","it":[{"ind":0,"ty":"sh","ix":1,"ks":{"a":0,"k":{"i":[[0,0],[-33.544,-12.781]],"o":[[12.781,-33.544],[0,0]],"v":[[-41.94,20.936],[41.94,-16.659]],"c":false},"ix":2},"nm":"Path 1","mn":"ADBE Vector Shape - Group","hd":false},{"ty":"tm","s":{"a":1,"k":[{"i":{"x":[0.833],"y":[1]},"o":{"x":[0.167],"y":[0]},"t":20,"s":[10]},{"i":{"x":[0.833],"y":[1]},"o":{"x":[0.167],"y":[0]},"t":30,"s":[0]},{"i":{"x":[0.833],"y":[1]},"o":{"x":[0.167],"y":[0]},"t":39,"s":[10]},{"i":{"x":[0.833],"y":[1]},"o":{"x":[0.167],"y":[0]},"t":85,"s":[10]},{"i":{"x":[0.833],"y":[1]},"o":{"x":[0.167],"y":[0]},"t":95,"s":[0]},{"t":104,"s":[10]}],"ix":1},"e":{"a":0,"k":100,"ix":2},"o":{"a":0,"k":0,"ix":3},"m":1,"ix":2,"nm":"Trim Paths 1","mn":"ADBE Vector Filter - Trim","hd":false},{"ty":"st","c":{"a":0,"k":[0.596078455448,0.890196084976,0.35686275363,1],"ix":3},"o":{"a":0,"k":100,"ix":4},"w":{"a":0,"k":25.458,"ix":5},"lc":2,"lj":2,"bm":0,"nm":"Stroke 1","mn":"ADBE Vector Graphic - Stroke","hd":false},{"ty":"tr","p":{"a":0,"k":[828.21,470.956],"ix":2},"a":{"a":0,"k":[0,0],"ix":1},"s":{"a":0,"k":[100,100],"ix":3},"r":{"a":0,"k":0,"ix":6},"o":{"a":0,"k":100,"ix":7},"sk":{"a":0,"k":0,"ix":4},"sa":{"a":0,"k":0,"ix":5},"nm":"Transform"}],"nm":"Group 1","np":3,"cix":2,"bm":0,"ix":1,"mn":"ADBE Vector Group","hd":false},{"ty":"gr","it":[{"ind":0,"ty":"sh","ix":1,"ks":{"a":0,"k":{"i":[[-2.831,-9.013],[9.013,-2.831],[2.831,9.013],[-9.013,2.831]],"o":[[2.831,9.013],[-9.013,2.831],[-2.831,-9.013],[9.013,-2.831]],"v":[[16.433,-1.622],[1.959,9.379],[-16.207,8.63],[-5.012,-12.816]],"c":true},"ix":2},"nm":"Path 1","mn":"ADBE Vector Shape - Group","hd":false},{"ty":"st","c":{"a":0,"k":[0.352941185236,0.623529434204,0.176470592618,1],"ix":3},"o":{"a":0,"k":100,"ix":4},"w":{"a":0,"k":10.72,"ix":5},"lc":2,"lj":2,"bm":0,"nm":"Stroke 1","mn":"ADBE Vector Graphic - Stroke","hd":false},{"ty":"fl","c":{"a":0,"k":[0.352941185236,0.623529434204,0.176470592618,1],"ix":4},"o":{"a":0,"k":100,"ix":5},"r":1,"bm":0,"nm":"Fill 1","mn":"ADBE Vector Graphic - Fill","hd":false},{"ty":"tr","p":{"a":0,"k":[818.61,547.356],"ix":2},"a":{"a":0,"k":[0,0],"ix":1},"s":{"a":0,"k":[100,100],"ix":3},"r":{"a":0,"k":0,"ix":6},"o":{"a":0,"k":100,"ix":7},"sk":{"a":0,"k":0,"ix":4},"sa":{"a":0,"k":0,"ix":5},"nm":"Transform"}],"nm":"Group 2","np":3,"cix":2,"bm":0,"ix":2,"mn":"ADBE Vector Group","hd":false},{"ty":"gr","it":[{"ind":0,"ty":"sh","ix":1,"ks":{"a":0,"k":{"i":[[-2.219,-7.064],[7.064,-2.219],[2.219,7.064],[-7.064,2.219]],"o":[[2.219,7.064],[-7.064,2.219],[-2.219,-7.064],[7.064,-2.219]],"v":[[12.878,-1.271],[1.535,7.351],[-12.701,6.763],[-3.928,-10.043]],"c":true},"ix":2},"nm":"Path 1","mn":"ADBE Vector Shape - Group","hd":false},{"ty":"st","c":{"a":0,"k":[0.352941185236,0.623529434204,0.176470592618,1],"ix":3},"o":{"a":0,"k":100,"ix":4},"w":{"a":0,"k":8.401,"ix":5},"lc":2,"lj":2,"bm":0,"nm":"Stroke 1","mn":"ADBE Vector Graphic - Stroke","hd":false},{"ty":"fl","c":{"a":0,"k":[0.352941185236,0.623529434204,0.176470592618,1],"ix":4},"o":{"a":0,"k":100,"ix":5},"r":1,"bm":0,"nm":"Fill 1","mn":"ADBE Vector Graphic - Fill","hd":false},{"ty":"tr","p":{"a":0,"k":[888.193,533.921],"ix":2},"a":{"a":0,"k":[0,0],"ix":1},"s":{"a":0,"k":[100,100],"ix":3},"r":{"a":0,"k":0,"ix":6},"o":{"a":0,"k":100,"ix":7},"sk":{"a":0,"k":0,"ix":4},"sa":{"a":0,"k":0,"ix":5},"nm":"Transform"}],"nm":"Group 3","np":3,"cix":2,"bm":0,"ix":3,"mn":"ADBE Vector Group","hd":false},{"ty":"gr","it":[{"ind":0,"ty":"sh","ix":1,"ks":{"a":0,"k":{"i":[[-2.754,-8.768],[8.768,-2.754],[2.754,8.768],[-8.768,2.754]],"o":[[2.754,8.768],[-8.768,2.754],[-2.754,-8.768],[8.768,-2.754]],"v":[[15.987,-1.577],[1.905,9.125],[-15.767,8.396],[-4.876,-12.468]],"c":true},"ix":2},"nm":"Path 1","mn":"ADBE Vector Shape - Group","hd":false},{"ty":"st","c":{"a":0,"k":[0.482352942228,0.760784327984,0.29411765933,1],"ix":3},"o":{"a":0,"k":100,"ix":4},"w":{"a":0,"k":25.458,"ix":5},"lc":2,"lj":2,"bm":0,"nm":"Stroke 1","mn":"ADBE Vector Graphic - Stroke","hd":false},{"ty":"fl","c":{"a":0,"k":[0.482352942228,0.760784327984,0.29411765933,1],"ix":4},"o":{"a":0,"k":100,"ix":5},"r":1,"bm":0,"nm":"Fill 1","mn":"ADBE Vector Graphic - Fill","hd":false},{"ty":"tr","p":{"a":0,"k":[863.775,469.13],"ix":2},"a":{"a":0,"k":[0,0],"ix":1},"s":{"a":0,"k":[100,100],"ix":3},"r":{"a":0,"k":0,"ix":6},"o":{"a":0,"k":100,"ix":7},"sk":{"a":0,"k":0,"ix":4},"sa":{"a":0,"k":0,"ix":5},"nm":"Transform"}],"nm":"Group 4","np":3,"cix":2,"bm":0,"ix":4,"mn":"ADBE Vector Group","hd":false},{"ty":"gr","it":[{"ind":0,"ty":"sh","ix":1,"ks":{"a":0,"k":{"i":[[-1.857,-5.912],[5.912,-1.857],[1.857,5.912],[-5.912,1.857]],"o":[[1.857,5.912],[-5.912,1.857],[-1.857,-5.912],[5.912,-1.857]],"v":[[10.779,-1.064],[1.285,6.152],[-10.63,5.661],[-3.288,-8.406]],"c":true},"ix":2},"nm":"Path 1","mn":"ADBE Vector Shape - Group","hd":false},{"ty":"st","c":{"a":0,"k":[0.596078455448,0.890196084976,0.35686275363,1],"ix":3},"o":{"a":0,"k":100,"ix":4},"w":{"a":0,"k":11.443,"ix":5},"lc":2,"lj":2,"bm":0,"nm":"Stroke 1","mn":"ADBE Vector Graphic - Stroke","hd":false},{"ty":"fl","c":{"a":0,"k":[0.596078455448,0.890196084976,0.35686275363,1],"ix":4},"o":{"a":0,"k":100,"ix":5},"r":1,"bm":0,"nm":"Fill 1","mn":"ADBE Vector Graphic - Fill","hd":false},{"ty":"tr","p":{"a":1,"k":[{"i":{"x":0.667,"y":1},"o":{"x":0.333,"y":0},"t":20,"s":[784.611,400.055],"to":[0,-1.667],"ti":[0,0]},{"i":{"x":0.667,"y":1},"o":{"x":0.333,"y":0},"t":30,"s":[784.611,390.055],"to":[0,0],"ti":[0,-1.667]},{"i":{"x":0.667,"y":0.667},"o":{"x":0.333,"y":0.333},"t":39,"s":[784.611,400.055],"to":[0,0],"ti":[0,0]},{"i":{"x":0.667,"y":1},"o":{"x":0.333,"y":0},"t":85,"s":[784.611,400.055],"to":[0,-1.667],"ti":[0,0]},{"i":{"x":0.667,"y":1},"o":{"x":0.333,"y":0},"t":95,"s":[784.611,390.055],"to":[0,0],"ti":[0,-1.667]},{"t":104,"s":[784.611,400.055]}],"ix":2},"a":{"a":0,"k":[0,0],"ix":1},"s":{"a":0,"k":[100,100],"ix":3},"r":{"a":0,"k":0,"ix":6},"o":{"a":0,"k":100,"ix":7},"sk":{"a":0,"k":0,"ix":4},"sa":{"a":0,"k":0,"ix":5},"nm":"Transform"}],"nm":"Group 5","np":3,"cix":2,"bm":0,"ix":5,"mn":"ADBE Vector Group","hd":false},{"ty":"gr","it":[{"ind":0,"ty":"sh","ix":1,"ks":{"a":0,"k":{"i":[[-1.19,-3.79],[3.79,-1.19],[1.19,3.79],[-3.79,1.19]],"o":[[1.19,3.79],[-3.79,1.19],[-1.19,-3.79],[3.79,-1.19]],"v":[[6.909,-0.682],[0.824,3.944],[-6.814,3.629],[-2.108,-5.388]],"c":true},"ix":2},"nm":"Path 1","mn":"ADBE Vector Shape - Group","hd":false},{"ty":"st","c":{"a":0,"k":[0.596078455448,0.890196084976,0.35686275363,1],"ix":3},"o":{"a":0,"k":100,"ix":4},"w":{"a":0,"k":11.443,"ix":5},"lc":2,"lj":2,"bm":0,"nm":"Stroke 1","mn":"ADBE Vector Graphic - Stroke","hd":false},{"ty":"fl","c":{"a":0,"k":[0.596078455448,0.890196084976,0.35686275363,1],"ix":4},"o":{"a":0,"k":100,"ix":5},"r":1,"bm":0,"nm":"Fill 1","mn":"ADBE Vector Graphic - Fill","hd":false},{"ty":"tr","p":{"a":1,"k":[{"i":{"x":0.667,"y":1},"o":{"x":0.333,"y":0},"t":20,"s":[661.654,482.367],"to":[-0.833,-2.167],"ti":[0,0]},{"i":{"x":0.667,"y":1},"o":{"x":0.333,"y":0},"t":30,"s":[656.654,469.367],"to":[0,0],"ti":[-0.833,-2.167]},{"i":{"x":0.667,"y":0.667},"o":{"x":0.333,"y":0.333},"t":39,"s":[661.654,482.367],"to":[0,0],"ti":[0,0]},{"i":{"x":0.667,"y":1},"o":{"x":0.333,"y":0},"t":85,"s":[661.654,482.367],"to":[-0.833,-2.167],"ti":[0,0]},{"i":{"x":0.667,"y":1},"o":{"x":0.333,"y":0},"t":95,"s":[656.654,469.367],"to":[0,0],"ti":[-0.833,-2.167]},{"t":104,"s":[661.654,482.367]}],"ix":2},"a":{"a":0,"k":[0,0],"ix":1},"s":{"a":0,"k":[100,100],"ix":3},"r":{"a":0,"k":0,"ix":6},"o":{"a":0,"k":100,"ix":7},"sk":{"a":0,"k":0,"ix":4},"sa":{"a":0,"k":0,"ix":5},"nm":"Transform"}],"nm":"Group 7","np":3,"cix":2,"bm":0,"ix":6,"mn":"ADBE Vector Group","hd":false},{"ty":"gr","it":[{"ind":0,"ty":"sh","ix":1,"ks":{"a":0,"k":{"i":[[-1.857,-5.912],[5.912,-1.857],[1.857,5.912],[-5.912,1.857]],"o":[[1.857,5.912],[-5.912,1.857],[-1.857,-5.912],[5.912,-1.857]],"v":[[10.779,-1.064],[1.285,6.152],[-10.63,5.661],[-3.288,-8.406]],"c":true},"ix":2},"nm":"Path 1","mn":"ADBE Vector Shape - Group","hd":false},{"ty":"st","c":{"a":0,"k":[0.596078455448,0.890196084976,0.35686275363,1],"ix":3},"o":{"a":0,"k":100,"ix":4},"w":{"a":0,"k":11.443,"ix":5},"lc":2,"lj":2,"bm":0,"nm":"Stroke 1","mn":"ADBE Vector Graphic - Stroke","hd":false},{"ty":"fl","c":{"a":0,"k":[0.596078455448,0.890196084976,0.35686275363,1],"ix":4},"o":{"a":0,"k":100,"ix":5},"r":1,"bm":0,"nm":"Fill 1","mn":"ADBE Vector Graphic - Fill","hd":false},{"ty":"tr","p":{"a":1,"k":[{"i":{"x":0.667,"y":1},"o":{"x":0.333,"y":0},"t":20,"s":[679.95,431.848],"to":[0,-2.167],"ti":[0,0]},{"i":{"x":0.667,"y":1},"o":{"x":0.333,"y":0},"t":30,"s":[679.95,418.848],"to":[0,0],"ti":[0,-2.167]},{"i":{"x":0.667,"y":0.667},"o":{"x":0.333,"y":0.333},"t":39,"s":[679.95,431.848],"to":[0,0],"ti":[0,0]},{"i":{"x":0.667,"y":1},"o":{"x":0.333,"y":0},"t":85,"s":[679.95,431.848],"to":[0,-2.167],"ti":[0,0]},{"i":{"x":0.667,"y":1},"o":{"x":0.333,"y":0},"t":95,"s":[679.95,418.848],"to":[0,0],"ti":[0,-2.167]},{"t":104,"s":[679.95,431.848]}],"ix":2},"a":{"a":0,"k":[0,0],"ix":1},"s":{"a":0,"k":[100,100],"ix":3},"r":{"a":0,"k":0,"ix":6},"o":{"a":0,"k":100,"ix":7},"sk":{"a":0,"k":0,"ix":4},"sa":{"a":0,"k":0,"ix":5},"nm":"Transform"}],"nm":"Group 11","np":3,"cix":2,"bm":0,"ix":7,"mn":"ADBE Vector Group","hd":false},{"ty":"gr","it":[{"ind":0,"ty":"sh","ix":1,"ks":{"a":0,"k":{"i":[[-1.857,-5.912],[5.912,-1.857],[1.857,5.912],[-5.912,1.857]],"o":[[1.857,5.912],[-5.912,1.857],[-1.857,-5.912],[5.912,-1.857]],"v":[[10.779,-1.064],[1.285,6.152],[-10.63,5.661],[-3.288,-8.406]],"c":true},"ix":2},"nm":"Path 1","mn":"ADBE Vector Shape - Group","hd":false},{"ty":"st","c":{"a":0,"k":[0.482352942228,0.760784327984,0.29411765933,1],"ix":3},"o":{"a":0,"k":100,"ix":4},"w":{"a":0,"k":17.165,"ix":5},"lc":2,"lj":2,"bm":0,"nm":"Stroke 1","mn":"ADBE Vector Graphic - Stroke","hd":false},{"ty":"fl","c":{"a":0,"k":[0.482352942228,0.760784327984,0.29411765933,1],"ix":4},"o":{"a":0,"k":100,"ix":5},"r":1,"bm":0,"nm":"Fill 1","mn":"ADBE Vector Graphic - Fill","hd":false},{"ty":"tr","p":{"a":0,"k":[718.455,478.438],"ix":2},"a":{"a":0,"k":[0,0],"ix":1},"s":{"a":0,"k":[100,100],"ix":3},"r":{"a":0,"k":0,"ix":6},"o":{"a":0,"k":100,"ix":7},"sk":{"a":0,"k":0,"ix":4},"sa":{"a":0,"k":0,"ix":5},"nm":"Transform"}],"nm":"Group 6","np":3,"cix":2,"bm":0,"ix":8,"mn":"ADBE Vector Group","hd":false},{"ty":"gr","it":[{"ind":0,"ty":"sh","ix":1,"ks":{"a":0,"k":{"i":[[-1.19,-3.79],[3.79,-1.19],[1.19,3.79],[-3.79,1.19]],"o":[[1.19,3.79],[-3.79,1.19],[-1.19,-3.79],[3.79,-1.19]],"v":[[6.909,-0.682],[0.824,3.944],[-6.814,3.629],[-2.108,-5.388]],"c":true},"ix":2},"nm":"Path 1","mn":"ADBE Vector Shape - Group","hd":false},{"ty":"st","c":{"a":0,"k":[0.482352942228,0.760784327984,0.29411765933,1],"ix":3},"o":{"a":0,"k":100,"ix":4},"w":{"a":0,"k":11.003,"ix":5},"lc":2,"lj":2,"bm":0,"nm":"Stroke 1","mn":"ADBE Vector Graphic - Stroke","hd":false},{"ty":"fl","c":{"a":0,"k":[0.482352942228,0.760784327984,0.29411765933,1],"ix":4},"o":{"a":0,"k":100,"ix":5},"r":1,"bm":0,"nm":"Fill 1","mn":"ADBE Vector Graphic - Fill","hd":false},{"ty":"tr","p":{"a":0,"k":[801.613,498.463],"ix":2},"a":{"a":0,"k":[0,0],"ix":1},"s":{"a":0,"k":[100,100],"ix":3},"r":{"a":0,"k":0,"ix":6},"o":{"a":0,"k":100,"ix":7},"sk":{"a":0,"k":0,"ix":4},"sa":{"a":0,"k":0,"ix":5},"nm":"Transform"}],"nm":"Group 8","np":3,"cix":2,"bm":0,"ix":9,"mn":"ADBE Vector Group","hd":false},{"ty":"gr","it":[{"ind":0,"ty":"sh","ix":1,"ks":{"a":0,"k":{"i":[[-1.19,-3.79],[3.79,-1.19],[1.19,3.79],[-3.79,1.19]],"o":[[1.19,3.79],[-3.79,1.19],[-1.19,-3.79],[3.79,-1.19]],"v":[[6.909,-0.682],[0.824,3.944],[-6.814,3.629],[-2.108,-5.388]],"c":true},"ix":2},"nm":"Path 1","mn":"ADBE Vector Shape - Group","hd":false},{"ty":"st","c":{"a":0,"k":[0.482352942228,0.760784327984,0.29411765933,1],"ix":3},"o":{"a":0,"k":100,"ix":4},"w":{"a":0,"k":11.003,"ix":5},"lc":2,"lj":2,"bm":0,"nm":"Stroke 1","mn":"ADBE Vector Graphic - Stroke","hd":false},{"ty":"fl","c":{"a":0,"k":[0.482352942228,0.760784327984,0.29411765933,1],"ix":4},"o":{"a":0,"k":100,"ix":5},"r":1,"bm":0,"nm":"Fill 1","mn":"ADBE Vector Graphic - Fill","hd":false},{"ty":"tr","p":{"a":0,"k":[750.231,426.127],"ix":2},"a":{"a":0,"k":[0,0],"ix":1},"s":{"a":0,"k":[100,100],"ix":3},"r":{"a":0,"k":0,"ix":6},"o":{"a":0,"k":100,"ix":7},"sk":{"a":0,"k":0,"ix":4},"sa":{"a":0,"k":0,"ix":5},"nm":"Transform"}],"nm":"Group 9","np":3,"cix":2,"bm":0,"ix":10,"mn":"ADBE Vector Group","hd":false},{"ty":"gr","it":[{"ind":0,"ty":"sh","ix":1,"ks":{"a":0,"k":{"i":[[-1.857,-5.912],[5.912,-1.857],[1.857,5.912],[-5.912,1.857]],"o":[[1.857,5.912],[-5.912,1.857],[-1.857,-5.912],[5.912,-1.857]],"v":[[10.779,-1.064],[1.285,6.152],[-10.63,5.661],[-3.288,-8.406]],"c":true},"ix":2},"nm":"Path 1","mn":"ADBE Vector Shape - Group","hd":false},{"ty":"st","c":{"a":0,"k":[0.352941185236,0.623529434204,0.176470592618,1],"ix":3},"o":{"a":0,"k":100,"ix":4},"w":{"a":0,"k":7.031,"ix":5},"lc":2,"lj":2,"bm":0,"nm":"Stroke 1","mn":"ADBE Vector Graphic - Stroke","hd":false},{"ty":"fl","c":{"a":0,"k":[0.352941185236,0.623529434204,0.176470592618,1],"ix":4},"o":{"a":0,"k":100,"ix":5},"r":1,"bm":0,"nm":"Fill 1","mn":"ADBE Vector Graphic - Fill","hd":false},{"ty":"tr","p":{"a":0,"k":[717.072,513.109],"ix":2},"a":{"a":0,"k":[0,0],"ix":1},"s":{"a":0,"k":[100,100],"ix":3},"r":{"a":0,"k":0,"ix":6},"o":{"a":0,"k":100,"ix":7},"sk":{"a":0,"k":0,"ix":4},"sa":{"a":0,"k":0,"ix":5},"nm":"Transform"}],"nm":"Group 10","np":3,"cix":2,"bm":0,"ix":11,"mn":"ADBE Vector Group","hd":false},{"ty":"gr","it":[{"ind":0,"ty":"sh","ix":1,"ks":{"a":0,"k":{"i":[[0,0],[0,0],[0,0]],"o":[[0,0],[0,0],[0,0]],"v":[[18.45,-26.182],[-3.152,-7.288],[-18.45,26.182]],"c":false},"ix":2},"nm":"Path 1","mn":"ADBE Vector Shape - Group","hd":false},{"ty":"st","c":{"a":0,"k":[0.086274512112,0.360784322023,0.243137255311,1],"ix":3},"o":{"a":0,"k":100,"ix":4},"w":{"a":0,"k":17.165,"ix":5},"lc":2,"lj":2,"bm":0,"nm":"Stroke 1","mn":"ADBE Vector Graphic - Stroke","hd":false},{"ty":"fl","c":{"a":0,"k":[0.086274512112,0.360784322023,0.243137255311,1],"ix":4},"o":{"a":0,"k":100,"ix":5},"r":1,"bm":0,"nm":"Fill 1","mn":"ADBE Vector Graphic - Fill","hd":false},{"ty":"tr","p":{"a":0,"k":[755.012,583.153],"ix":2},"a":{"a":0,"k":[0,0],"ix":1},"s":{"a":0,"k":[100,100],"ix":3},"r":{"a":0,"k":0,"ix":6},"o":{"a":0,"k":100,"ix":7},"sk":{"a":0,"k":0,"ix":4},"sa":{"a":0,"k":0,"ix":5},"nm":"Transform"}],"nm":"Group 12","np":3,"cix":2,"bm":0,"ix":12,"mn":"ADBE Vector Group","hd":false},{"ty":"gr","it":[{"ind":0,"ty":"sh","ix":1,"ks":{"a":0,"k":{"i":[[0,0],[0,0],[0,0]],"o":[[0,0],[0,0],[0,0]],"v":[[9.765,-45.193],[9.765,-18.197],[-9.765,45.193]],"c":false},"ix":2},"nm":"Path 1","mn":"ADBE Vector Shape - Group","hd":false},{"ty":"st","c":{"a":0,"k":[0.286274522543,0.600000023842,0.145098045468,1],"ix":3},"o":{"a":0,"k":100,"ix":4},"w":{"a":0,"k":17.165,"ix":5},"lc":2,"lj":2,"bm":0,"nm":"Stroke 1","mn":"ADBE Vector Graphic - Stroke","hd":false},{"ty":"tr","p":{"a":0,"k":[707.306,602.164],"ix":2},"a":{"a":0,"k":[0,0],"ix":1},"s":{"a":0,"k":[100,100],"ix":3},"r":{"a":0,"k":0,"ix":6},"o":{"a":0,"k":100,"ix":7},"sk":{"a":0,"k":0,"ix":4},"sa":{"a":0,"k":0,"ix":5},"nm":"Transform"}],"nm":"Group 13","np":2,"cix":2,"bm":0,"ix":13,"mn":"ADBE Vector Group","hd":false},{"ty":"gr","it":[{"ind":0,"ty":"sh","ix":1,"ks":{"a":0,"k":{"i":[[0,0],[-14.304,-2.861],[-11.443,-11.443],[-2.861,0],[-34.329,11.443],[-5.653,22.933]],"o":[[14.373,2.061],[11.443,0],[2.861,0],[14.304,34.329],[20.025,-8.582],[0,0]],"v":[[-107.279,-27.287],[-67.159,-25.226],[-29.969,-13.783],[-18.526,-13.783],[67.297,23.407],[107.279,-25.272]],"c":false},"ix":2},"nm":"Path 1","mn":"ADBE Vector Shape - Group","hd":false},{"ty":"st","c":{"a":0,"k":[0.352941185236,0.623529434204,0.176470592618,1],"ix":3},"o":{"a":0,"k":100,"ix":4},"w":{"a":0,"k":17.165,"ix":5},"lc":2,"lj":2,"bm":0,"nm":"Stroke 1","mn":"ADBE Vector Graphic - Stroke","hd":false},{"ty":"tr","p":{"a":0,"k":[803.534,554.323],"ix":2},"a":{"a":0,"k":[0,0],"ix":1},"s":{"a":0,"k":[100,100],"ix":3},"r":{"a":0,"k":0,"ix":6},"o":{"a":0,"k":100,"ix":7},"sk":{"a":0,"k":0,"ix":4},"sa":{"a":0,"k":0,"ix":5},"nm":"Transform"}],"nm":"Group 14","np":2,"cix":2,"bm":0,"ix":14,"mn":"ADBE Vector Group","hd":false},{"ty":"gr","it":[{"ind":0,"ty":"sh","ix":1,"ks":{"a":0,"k":{"i":[[0,0],[28.608,-25.747],[17.165,-20.025],[-13.09,-21.85]],"o":[[-32.684,-23.477],[-22.886,-8.582],[-14.304,20.025],[0,0]],"v":[[95.991,-38.98],[-11.073,-30.989],[-79.731,-10.963],[-89.527,53.798]],"c":false},"ix":2},"nm":"Path 1","mn":"ADBE Vector Shape - Group","hd":false},{"ty":"tm","s":{"a":1,"k":[{"i":{"x":[0.833],"y":[1]},"o":{"x":[0.167],"y":[0]},"t":20,"s":[10]},{"i":{"x":[0.833],"y":[1]},"o":{"x":[0.167],"y":[0]},"t":30,"s":[0]},{"i":{"x":[0.833],"y":[1]},"o":{"x":[0.167],"y":[0]},"t":39,"s":[10]},{"i":{"x":[0.833],"y":[1]},"o":{"x":[0.167],"y":[0]},"t":85,"s":[10]},{"i":{"x":[0.833],"y":[1]},"o":{"x":[0.167],"y":[0]},"t":95,"s":[0]},{"t":104,"s":[10]}],"ix":1},"e":{"a":1,"k":[{"i":{"x":[0.833],"y":[1]},"o":{"x":[0.167],"y":[0]},"t":20,"s":[94]},{"i":{"x":[0.833],"y":[1]},"o":{"x":[0.167],"y":[0]},"t":30,"s":[100]},{"i":{"x":[0.833],"y":[1]},"o":{"x":[0.167],"y":[0]},"t":39,"s":[94]},{"i":{"x":[0.833],"y":[1]},"o":{"x":[0.167],"y":[0]},"t":85,"s":[94]},{"i":{"x":[0.833],"y":[1]},"o":{"x":[0.167],"y":[0]},"t":95,"s":[100]},{"t":104,"s":[94]}],"ix":2},"o":{"a":0,"k":0,"ix":3},"m":1,"ix":2,"nm":"Trim Paths 1","mn":"ADBE Vector Filter - Trim","hd":false},{"ty":"st","c":{"a":0,"k":[0.596078455448,0.890196084976,0.35686275363,1],"ix":3},"o":{"a":0,"k":100,"ix":4},"w":{"a":0,"k":25.458,"ix":5},"lc":2,"lj":2,"bm":0,"nm":"Stroke 1","mn":"ADBE Vector Graphic - Stroke","hd":false},{"ty":"tr","p":{"a":0,"k":[744.587,434.212],"ix":2},"a":{"a":0,"k":[0,0],"ix":1},"s":{"a":0,"k":[100,100],"ix":3},"r":{"a":0,"k":0,"ix":6},"o":{"a":0,"k":100,"ix":7},"sk":{"a":0,"k":0,"ix":4},"sa":{"a":0,"k":0,"ix":5},"nm":"Transform"}],"nm":"Group 15","np":3,"cix":2,"bm":0,"ix":15,"mn":"ADBE Vector Group","hd":false},{"ty":"gr","it":[{"ind":0,"ty":"sh","ix":1,"ks":{"a":0,"k":{"i":[[15.859,-41.622],[41.622,15.859],[-15.859,41.622],[-41.622,-15.859]],"o":[[-15.859,41.622],[-41.622,-15.859],[15.859,-41.622],[41.622,15.859]],"v":[[75.363,28.715],[-28.715,75.363],[-75.363,-28.715],[28.715,-75.363]],"c":true},"ix":2},"nm":"Path 1","mn":"ADBE Vector Shape - Group","hd":false},{"ty":"st","c":{"a":0,"k":[0.352941185236,0.623529434204,0.176470592618,1],"ix":3},"o":{"a":0,"k":100,"ix":4},"w":{"a":0,"k":17.165,"ix":5},"lc":2,"lj":2,"bm":0,"nm":"Stroke 1","mn":"ADBE Vector Graphic - Stroke","hd":false},{"ty":"fl","c":{"a":0,"k":[0.352941185236,0.623529434204,0.176470592618,1],"ix":4},"o":{"a":0,"k":100,"ix":5},"r":1,"bm":0,"nm":"Fill 1","mn":"ADBE Vector Graphic - Fill","hd":false},{"ty":"tr","p":{"a":0,"k":[792.666,460.588],"ix":2},"a":{"a":0,"k":[0,0],"ix":1},"s":{"a":0,"k":[100,100],"ix":3},"r":{"a":0,"k":0,"ix":6},"o":{"a":0,"k":100,"ix":7},"sk":{"a":0,"k":0,"ix":4},"sa":{"a":0,"k":0,"ix":5},"nm":"Transform"}],"nm":"Group 16","np":3,"cix":2,"bm":0,"ix":16,"mn":"ADBE Vector Group","hd":false},{"ty":"gr","it":[{"ind":0,"ty":"sh","ix":1,"ks":{"a":0,"k":{"i":[[12.781,-33.544],[33.544,12.781],[-12.781,33.544],[-33.544,-12.781]],"o":[[-12.781,33.544],[-33.544,-12.781],[12.781,-33.544],[33.544,12.781]],"v":[[60.737,23.142],[-23.142,60.737],[-60.737,-23.142],[23.142,-60.737]],"c":true},"ix":2},"nm":"Path 1","mn":"ADBE Vector Shape - Group","hd":false},{"ty":"st","c":{"a":0,"k":[0.482352942228,0.760784327984,0.29411765933,1],"ix":3},"o":{"a":0,"k":100,"ix":4},"w":{"a":0,"k":17.165,"ix":5},"lc":2,"lj":2,"bm":0,"nm":"Stroke 1","mn":"ADBE Vector Graphic - Stroke","hd":false},{"ty":"fl","c":{"a":0,"k":[0.482352942228,0.760784327984,0.29411765933,1],"ix":4},"o":{"a":0,"k":100,"ix":5},"r":1,"bm":0,"nm":"Fill 1","mn":"ADBE Vector Graphic - Fill","hd":false},{"ty":"tr","p":{"a":0,"k":[715.874,465.069],"ix":2},"a":{"a":0,"k":[0,0],"ix":1},"s":{"a":0,"k":[100,100],"ix":3},"r":{"a":0,"k":0,"ix":6},"o":{"a":0,"k":100,"ix":7},"sk":{"a":0,"k":0,"ix":4},"sa":{"a":0,"k":0,"ix":5},"nm":"Transform"}],"nm":"Group 17","np":3,"cix":2,"bm":0,"ix":17,"mn":"ADBE Vector Group","hd":false},{"ty":"gr","it":[{"ind":0,"ty":"sh","ix":1,"ks":{"a":0,"k":{"i":[[12.781,-33.544],[33.544,12.781],[-12.781,33.544],[-33.544,-12.781]],"o":[[-12.781,33.544],[-33.544,-12.781],[12.781,-33.544],[33.544,12.781]],"v":[[60.737,23.142],[-23.142,60.737],[-60.737,-23.142],[23.142,-60.737]],"c":true},"ix":2},"nm":"Path 1","mn":"ADBE Vector Shape - Group","hd":false},{"ty":"st","c":{"a":0,"k":[0.482352942228,0.760784327984,0.29411765933,1],"ix":3},"o":{"a":0,"k":100,"ix":4},"w":{"a":0,"k":17.165,"ix":5},"lc":2,"lj":2,"bm":0,"nm":"Stroke 1","mn":"ADBE Vector Graphic - Stroke","hd":false},{"ty":"fl","c":{"a":0,"k":[0.482352942228,0.760784327984,0.29411765933,1],"ix":4},"o":{"a":0,"k":100,"ix":5},"r":1,"bm":0,"nm":"Fill 1","mn":"ADBE Vector Graphic - Fill","hd":false},{"ty":"tr","p":{"a":0,"k":[847.008,515.034],"ix":2},"a":{"a":0,"k":[0,0],"ix":1},"s":{"a":0,"k":[100,100],"ix":3},"r":{"a":0,"k":0,"ix":6},"o":{"a":0,"k":100,"ix":7},"sk":{"a":0,"k":0,"ix":4},"sa":{"a":0,"k":0,"ix":5},"nm":"Transform"}],"nm":"Group 18","np":3,"cix":2,"bm":0,"ix":18,"mn":"ADBE Vector Group","hd":false},{"ty":"gr","it":[{"ind":0,"ty":"sh","ix":1,"ks":{"a":0,"k":{"i":[[0,0],[0,0],[1.831,-4.12],[0,0],[6.751,2.603],[0,0],[-2.203,6.923],[0,0],[0.029,4.549],[0,0],[-7.867,0.2],[0,0],[-3.833,4.205],[0,0]],"o":[[0,0],[-3.032,3.318],[0,0],[-2.975,6.608],[0,0],[-6.78,-2.575],[0,0],[1.373,-4.32],[0,0],[8.754,-0.257],[0,0],[0.057,5.693],[0,0],[0,0]],"v":[[41.977,-21.969],[32.451,-11.928],[25.07,-0.656],[0.582,54.013],[-16.754,61.165],[-33.175,54.928],[-41.328,38.021],[-23.305,-18.879],[-21.303,-32.239],[-22.018,-61.333],[4.215,-62.077],[4.873,-36.673],[15.744,-32.525],[28.961,-46.429]],"c":true},"ix":2},"nm":"Path 1","mn":"ADBE Vector Shape - Group","hd":false},{"ty":"st","c":{"a":0,"k":[0.215686276555,0.454901963472,0.109803922474,1],"ix":3},"o":{"a":0,"k":100,"ix":4},"w":{"a":0,"k":17.165,"ix":5},"lc":2,"lj":2,"bm":0,"nm":"Stroke 1","mn":"ADBE Vector Graphic - Stroke","hd":false},{"ty":"fl","c":{"a":0,"k":[0.215686276555,0.454901963472,0.109803922474,1],"ix":4},"o":{"a":0,"k":100,"ix":5},"r":1,"bm":0,"nm":"Fill 1","mn":"ADBE Vector Graphic - Fill","hd":false},{"ty":"tr","p":{"a":0,"k":[738.869,609.336],"ix":2},"a":{"a":0,"k":[0,0],"ix":1},"s":{"a":0,"k":[100,100],"ix":3},"r":{"a":0,"k":0,"ix":6},"o":{"a":0,"k":100,"ix":7},"sk":{"a":0,"k":0,"ix":4},"sa":{"a":0,"k":0,"ix":5},"nm":"Transform"}],"nm":"Group 19","np":3,"cix":2,"bm":0,"ix":19,"mn":"ADBE Vector Group","hd":false},{"ty":"gr","it":[{"ind":0,"ty":"sh","ix":1,"ks":{"a":0,"k":{"i":[[0,0],[0,0],[0,0],[0,0]],"o":[[0,0],[0,0],[0,0],[0,0]],"v":[[26.92,-12.687],[-13.903,30.396],[-26.92,5.936],[7.552,-30.396]],"c":true},"ix":2},"nm":"Path 1","mn":"ADBE Vector Shape - Group","hd":false},{"ty":"st","c":{"a":0,"k":[0.086274512112,0.360784322023,0.243137255311,1],"ix":3},"o":{"a":0,"k":100,"ix":4},"w":{"a":0,"k":17.165,"ix":5},"lc":2,"lj":2,"bm":0,"nm":"Stroke 1","mn":"ADBE Vector Graphic - Stroke","hd":false},{"ty":"fl","c":{"a":0,"k":[0.086274512112,0.360784322023,0.243137255311,1],"ix":4},"o":{"a":0,"k":100,"ix":5},"r":1,"bm":0,"nm":"Fill 1","mn":"ADBE Vector Graphic - Fill","hd":false},{"ty":"tr","p":{"a":0,"k":[794.75,556.971],"ix":2},"a":{"a":0,"k":[0,0],"ix":1},"s":{"a":0,"k":[100,100],"ix":3},"r":{"a":0,"k":0,"ix":6},"o":{"a":0,"k":100,"ix":7},"sk":{"a":0,"k":0,"ix":4},"sa":{"a":0,"k":0,"ix":5},"nm":"Transform"}],"nm":"Group 20","np":3,"cix":2,"bm":0,"ix":20,"mn":"ADBE Vector Group","hd":false},{"ty":"gr","it":[{"ind":0,"ty":"sh","ix":1,"ks":{"a":0,"k":{"i":[[0,0],[8.754,-0.257],[0,0],[0,0]],"o":[[-7.867,0.2],[0,0],[0,0],[0,0]],"v":[[13.603,18.809],[-12.63,19.553],[-13.603,-19.239],[12.63,-19.553]],"c":true},"ix":2},"nm":"Path 1","mn":"ADBE Vector Shape - Group","hd":false},{"ty":"st","c":{"a":0,"k":[0.086274512112,0.360784322023,0.243137255311,1],"ix":3},"o":{"a":0,"k":100,"ix":4},"w":{"a":0,"k":17.165,"ix":5},"lc":2,"lj":2,"bm":0,"nm":"Stroke 1","mn":"ADBE Vector Graphic - Stroke","hd":false},{"ty":"fl","c":{"a":0,"k":[0.086274512112,0.360784322023,0.243137255311,1],"ix":4},"o":{"a":0,"k":100,"ix":5},"r":1,"bm":0,"nm":"Fill 1","mn":"ADBE Vector Graphic - Fill","hd":false},{"ty":"tr","p":{"a":0,"k":[729.481,528.449],"ix":2},"a":{"a":0,"k":[0,0],"ix":1},"s":{"a":0,"k":[100,100],"ix":3},"r":{"a":0,"k":0,"ix":6},"o":{"a":0,"k":100,"ix":7},"sk":{"a":0,"k":0,"ix":4},"sa":{"a":0,"k":0,"ix":5},"nm":"Transform"}],"nm":"Group 21","np":3,"cix":2,"bm":0,"ix":21,"mn":"ADBE Vector Group","hd":false}],"ip":0,"op":151,"st":0,"ct":1,"bm":0},{"ddd":0,"ind":3,"ty":4,"nm":"Layer 3","parent":6,"sr":1,"ks":{"o":{"a":0,"k":100,"ix":11},"r":{"a":1,"k":[{"i":{"x":[0.667],"y":[1]},"o":{"x":[0.333],"y":[0]},"t":10,"s":[0]},{"i":{"x":[0.667],"y":[1]},"o":{"x":[0.297],"y":[0]},"t":20,"s":[-5]},{"i":{"x":[0.813],"y":[1]},"o":{"x":[0.297],"y":[0]},"t":30,"s":[-1]},{"i":{"x":[0.667],"y":[1]},"o":{"x":[0.167],"y":[0]},"t":39,"s":[-5]},{"i":{"x":[0.667],"y":[1]},"o":{"x":[0.333],"y":[0]},"t":49,"s":[0]},{"i":{"x":[0.667],"y":[1]},"o":{"x":[0.333],"y":[0]},"t":75,"s":[0]},{"i":{"x":[0.667],"y":[1]},"o":{"x":[0.297],"y":[0]},"t":85,"s":[-5]},{"i":{"x":[0.813],"y":[1]},"o":{"x":[0.297],"y":[0]},"t":95,"s":[-1]},{"i":{"x":[0.667],"y":[1]},"o":{"x":[0.167],"y":[0]},"t":104,"s":[-5]},{"t":114,"s":[0]}],"ix":10},"p":{"a":1,"k":[{"i":{"x":0.667,"y":1},"o":{"x":0.333,"y":0},"t":10,"s":[500.58,629.728,0],"to":[-1,-13.667,0],"ti":[1,13.667,0]},{"i":{"x":0.667,"y":0.667},"o":{"x":0.333,"y":0.333},"t":20,"s":[494.58,547.728,0],"to":[0,0,0],"ti":[0,0,0]},{"i":{"x":0.667,"y":1},"o":{"x":0.333,"y":0},"t":39,"s":[494.58,547.728,0],"to":[1,13.667,0],"ti":[-1,-13.667,0]},{"i":{"x":0.667,"y":0.667},"o":{"x":0.333,"y":0.333},"t":49,"s":[500.58,629.728,0],"to":[0,0,0],"ti":[0,0,0]},{"i":{"x":0.667,"y":1},"o":{"x":0.333,"y":0},"t":75,"s":[500.58,629.728,0],"to":[-1,-13.667,0],"ti":[1,13.667,0]},{"i":{"x":0.667,"y":0.667},"o":{"x":0.333,"y":0.333},"t":85,"s":[494.58,547.728,0],"to":[0,0,0],"ti":[0,0,0]},{"i":{"x":0.667,"y":1},"o":{"x":0.333,"y":0},"t":104,"s":[494.58,547.728,0],"to":[1,13.667,0],"ti":[-1,-13.667,0]},{"t":114,"s":[500.58,629.728,0]}],"ix":2,"l":2},"a":{"a":0,"k":[500.58,629.728,0],"ix":1,"l":2},"s":{"a":0,"k":[100,100,100],"ix":6,"l":2}},"ao":0,"shapes":[{"ty":"gr","it":[{"ind":0,"ty":"sh","ix":1,"ks":{"a":0,"k":{"i":[[5.077,-7.156],[7.156,5.077],[-5.077,7.156],[-7.156,-5.077]],"o":[[-5.077,7.156],[-7.156,-5.077],[5.077,-7.156],[7.156,5.077]],"v":[[15.872,2.68],[-15.959,21.456],[-10.041,-15.706],[12.108,-19.47]],"c":true},"ix":2},"nm":"Path 1","mn":"ADBE Vector Shape - Group","hd":false},{"ty":"fl","c":{"a":0,"k":[1,1,1,1],"ix":4},"o":{"a":0,"k":100,"ix":5},"r":1,"bm":0,"nm":"Fill 1","mn":"ADBE Vector Graphic - Fill","hd":false},{"ty":"tr","p":{"a":1,"k":[{"i":{"x":0.667,"y":1},"o":{"x":0.333,"y":0},"t":20,"s":[400.274,409.906],"to":[0,0],"ti":[0,0]},{"i":{"x":0.667,"y":1},"o":{"x":0.333,"y":0},"t":30,"s":[402.274,397.906],"to":[0,0],"ti":[0,0]},{"i":{"x":0.667,"y":0.667},"o":{"x":0.167,"y":0.167},"t":39,"s":[400.274,409.906],"to":[0,0],"ti":[0,0]},{"i":{"x":0.667,"y":1},"o":{"x":0.333,"y":0},"t":85,"s":[400.274,409.906],"to":[0,0],"ti":[0,0]},{"i":{"x":0.667,"y":1},"o":{"x":0.333,"y":0},"t":95,"s":[402.274,397.906],"to":[0,0],"ti":[0,0]},{"t":104,"s":[400.274,409.906]}],"ix":2},"a":{"a":0,"k":[0,0],"ix":1},"s":{"a":1,"k":[{"i":{"x":[0.662,0.662],"y":[1,1]},"o":{"x":[0.296,0.296],"y":[0,0]},"t":20,"s":[100,100]},{"i":{"x":[0.813,0.813],"y":[1,1]},"o":{"x":[0.427,0.427],"y":[0,0]},"t":30,"s":[114,114]},{"i":{"x":[0.667,0.667],"y":[1,1]},"o":{"x":[0.167,0.167],"y":[0,0]},"t":39,"s":[100,100]},{"i":{"x":[0.662,0.662],"y":[1,1]},"o":{"x":[0.296,0.296],"y":[0,0]},"t":85,"s":[100,100]},{"i":{"x":[0.813,0.813],"y":[1,1]},"o":{"x":[0.427,0.427],"y":[0,0]},"t":95,"s":[114,114]},{"t":104,"s":[100,100]}],"ix":3},"r":{"a":0,"k":0,"ix":6},"o":{"a":0,"k":100,"ix":7},"sk":{"a":0,"k":0,"ix":4},"sa":{"a":0,"k":0,"ix":5},"nm":"Transform"}],"nm":"Group 1","np":2,"cix":2,"bm":0,"ix":1,"mn":"ADBE Vector Group","hd":false},{"ty":"gr","it":[{"ind":0,"ty":"sh","ix":1,"ks":{"a":0,"k":{"i":[[0,0],[10.467,-13.503],[-18.64,-36.133],[-1.605,47.604],[-3.309,10.134]],"o":[[0,0],[-10.467,13.503],[0,0],[1.605,-47.604],[6.46,-19.787]],"v":[[20.763,-51.487],[-13.219,-44.915],[-21.966,51.751],[-4.357,16.765],[28.642,-30.552]],"c":true},"ix":2},"nm":"Path 1","mn":"ADBE Vector Shape - Group","hd":false},{"ty":"st","c":{"a":0,"k":[1,0.360784322023,0.78823530674,1],"ix":3},"o":{"a":0,"k":100,"ix":4},"w":{"a":0,"k":13.478,"ix":5},"lc":2,"lj":2,"bm":0,"nm":"Stroke 1","mn":"ADBE Vector Graphic - Stroke","hd":false},{"ty":"fl","c":{"a":0,"k":[1,0.360784322023,0.78823530674,1],"ix":4},"o":{"a":0,"k":100,"ix":5},"r":1,"bm":0,"nm":"Fill 1","mn":"ADBE Vector Graphic - Fill","hd":false},{"ty":"tr","p":{"a":0,"k":[404.833,432.307],"ix":2},"a":{"a":0,"k":[0,0],"ix":1},"s":{"a":0,"k":[100,100],"ix":3},"r":{"a":0,"k":0,"ix":6},"o":{"a":0,"k":100,"ix":7},"sk":{"a":0,"k":0,"ix":4},"sa":{"a":0,"k":0,"ix":5},"nm":"Transform"}],"nm":"Group 2","np":3,"cix":2,"bm":0,"ix":2,"mn":"ADBE Vector Group","hd":false},{"ty":"gr","it":[{"ind":0,"ty":"sh","ix":1,"ks":{"a":0,"k":{"i":[[-2.922,0.261],[-1.283,-3.103],[-2.943,-21.675],[3.349,0.531],[0.873,5.609],[3.613,9.231],[6.867,7.095],[-6.525,0.865]],"o":[[1.919,-0.425],[8.394,20.299],[0.236,1.741],[-2.812,-0.446],[-1.519,-9.76],[-3.62,-9.249],[-5.663,-5.851],[1.597,-0.212]],"v":[[-3.704,-35.801],[1.107,-31.791],[17.269,31.366],[15.236,35.352],[7.038,32.526],[-0.167,3.948],[-14.99,-21.421],[-9.837,-35.242]],"c":true},"ix":2},"nm":"Path 1","mn":"ADBE Vector Shape - Group","hd":false},{"ty":"st","c":{"a":0,"k":[0.737254917622,0.180392161012,0.054901961237,1],"ix":3},"o":{"a":0,"k":100,"ix":4},"w":{"a":0,"k":17.165,"ix":5},"lc":2,"lj":2,"bm":0,"nm":"Stroke 1","mn":"ADBE Vector Graphic - Stroke","hd":false},{"ty":"fl","c":{"a":0,"k":[0.737254917622,0.180392161012,0.054901961237,1],"ix":4},"o":{"a":0,"k":100,"ix":5},"r":1,"bm":0,"nm":"Fill 1","mn":"ADBE Vector Graphic - Fill","hd":false},{"ty":"tr","p":{"a":0,"k":[488.147,351.629],"ix":2},"a":{"a":0,"k":[0,0],"ix":1},"s":{"a":0,"k":[100,100],"ix":3},"r":{"a":0,"k":0,"ix":6},"o":{"a":0,"k":100,"ix":7},"sk":{"a":0,"k":0,"ix":4},"sa":{"a":0,"k":0,"ix":5},"nm":"Transform"}],"nm":"Group 3","np":3,"cix":2,"bm":0,"ix":3,"mn":"ADBE Vector Group","hd":false},{"ty":"gr","it":[{"ind":0,"ty":"sh","ix":1,"ks":{"a":0,"k":{"i":[[15.113,-11.888],[17.406,4.014],[-15.113,11.888],[-17.385,-4.03]],"o":[[-15.102,11.88],[0.187,-17.853],[15.113,-11.888],[-0.187,17.853]],"v":[[14.106,17.937],[-37.373,29.405],[-14.114,-17.937],[37.373,-29.395]],"c":true},"ix":2},"nm":"Path 1","mn":"ADBE Vector Shape - Group","hd":false},{"ty":"st","c":{"a":0,"k":[0.352941185236,0.623529434204,0.176470592618,1],"ix":3},"o":{"a":0,"k":100,"ix":4},"w":{"a":0,"k":17.165,"ix":5},"lc":2,"lj":2,"bm":0,"nm":"Stroke 1","mn":"ADBE Vector Graphic - Stroke","hd":false},{"ty":"fl","c":{"a":0,"k":[0.352941185236,0.623529434204,0.176470592618,1],"ix":4},"o":{"a":0,"k":100,"ix":5},"r":1,"bm":0,"nm":"Fill 1","mn":"ADBE Vector Graphic - Fill","hd":false},{"ty":"tr","p":{"a":0,"k":[508.236,375.91],"ix":2},"a":{"a":0,"k":[-31.773,29.18],"ix":1},"s":{"a":0,"k":[100,100],"ix":3},"r":{"a":1,"k":[{"i":{"x":[0.657],"y":[1]},"o":{"x":[0.297],"y":[0]},"t":10,"s":[0]},{"i":{"x":[0.817],"y":[1]},"o":{"x":[0.423],"y":[0]},"t":20,"s":[-15]},{"i":{"x":[0.657],"y":[1]},"o":{"x":[0.167],"y":[0]},"t":29,"s":[0]},{"i":{"x":[0.833],"y":[1]},"o":{"x":[0.423],"y":[0]},"t":39,"s":[-15]},{"i":{"x":[0.833],"y":[1]},"o":{"x":[0.297],"y":[0]},"t":49,"s":[0]},{"i":{"x":[0.657],"y":[1]},"o":{"x":[0.297],"y":[0]},"t":75,"s":[0]},{"i":{"x":[0.817],"y":[1]},"o":{"x":[0.423],"y":[0]},"t":85,"s":[-15]},{"i":{"x":[0.657],"y":[1]},"o":{"x":[0.167],"y":[0]},"t":94,"s":[0]},{"i":{"x":[0.833],"y":[1]},"o":{"x":[0.423],"y":[0]},"t":104,"s":[-15]},{"t":114,"s":[0]}],"ix":6},"o":{"a":0,"k":100,"ix":7},"sk":{"a":0,"k":0,"ix":4},"sa":{"a":0,"k":0,"ix":5},"nm":"Transform"}],"nm":"Group 4","np":3,"cix":2,"bm":0,"ix":4,"mn":"ADBE Vector Group","hd":false},{"ty":"gr","it":[{"ind":0,"ty":"sh","ix":1,"ks":{"a":0,"k":{"i":[[0,0],[0,0],[-8.439,2.06],[-8.983,9.326],[-12.359,28.836],[-0.315,23.63],[17.079,20.369]],"o":[[0,0],[8.096,3.061],[12.902,-3.147],[22.056,-22.857],[8.811,-20.569],[-0.544,-25.032],[0,0]],"v":[[-60.176,115.004],[-60.147,115.004],[-35.345,116.549],[-3.018,96.809],[45.872,17.452],[60.176,-48.203],[35.888,-117.776]],"c":false},"ix":2},"nm":"Path 1","mn":"ADBE Vector Shape - Group","hd":false},{"ty":"st","c":{"a":0,"k":[0.839215695858,0.050980392843,0.749019622803,1],"ix":3},"o":{"a":0,"k":100,"ix":4},"w":{"a":0,"k":17.165,"ix":5},"lc":2,"lj":2,"bm":0,"nm":"Stroke 1","mn":"ADBE Vector Graphic - Stroke","hd":false},{"ty":"tr","p":{"a":0,"k":[585.907,511.952],"ix":2},"a":{"a":0,"k":[0,0],"ix":1},"s":{"a":0,"k":[100,100],"ix":3},"r":{"a":0,"k":0,"ix":6},"o":{"a":0,"k":100,"ix":7},"sk":{"a":0,"k":0,"ix":4},"sa":{"a":0,"k":0,"ix":5},"nm":"Transform"}],"nm":"Group 5","np":2,"cix":2,"bm":0,"ix":5,"mn":"ADBE Vector Group","hd":false},{"ty":"gr","it":[{"ind":0,"ty":"sh","ix":1,"ks":{"a":0,"k":{"i":[[-0.544,-25.032],[1.516,-8.497],[5.436,-12.673],[22.056,-22.857],[12.902,-3.147],[8.096,3.061],[0,0],[0,0],[0.772,2.489],[0,0],[0,12.873],[-34.959,0],[-8.296,-3.977],[0,0],[-0.114,-0.143]],"o":[[-0.114,9.069],[-2.374,13.646],[-12.359,28.836],[-8.983,9.326],[-8.439,2.06],[0,0],[0,0],[77.584,-52.953],[-0.029,-0.029],[-6.608,-10.013],[0,-34.958],[9.812,0],[0,0.028],[0.086,0.143],[17.079,20.369]],"v":[[78.27,-44.87],[75.81,-18.551],[63.967,20.785],[15.076,100.142],[-17.25,119.882],[-42.053,118.337],[-42.082,118.337],[-78.27,114.503],[-26.605,-22.928],[-26.634,-22.985],[-37.104,-57.829],[26.205,-121.109],[53.611,-114.901],[53.639,-114.873],[53.983,-114.443]],"c":true},"ix":2},"nm":"Path 1","mn":"ADBE Vector Shape - Group","hd":false},{"ty":"st","c":{"a":0,"k":[0.796078443527,0.090196080506,0.482352942228,1],"ix":3},"o":{"a":0,"k":100,"ix":4},"w":{"a":0,"k":17.165,"ix":5},"lc":2,"lj":2,"bm":0,"nm":"Stroke 1","mn":"ADBE Vector Graphic - Stroke","hd":false},{"ty":"fl","c":{"a":0,"k":[0.796078443527,0.090196080506,0.482352942228,1],"ix":4},"o":{"a":0,"k":100,"ix":5},"r":1,"bm":0,"nm":"Fill 1","mn":"ADBE Vector Graphic - Fill","hd":false},{"ty":"tr","p":{"a":0,"k":[567.812,508.619],"ix":2},"a":{"a":0,"k":[0,0],"ix":1},"s":{"a":0,"k":[100,100],"ix":3},"r":{"a":0,"k":0,"ix":6},"o":{"a":0,"k":100,"ix":7},"sk":{"a":0,"k":0,"ix":4},"sa":{"a":0,"k":0,"ix":5},"nm":"Transform"}],"nm":"Group 6","np":3,"cix":2,"bm":0,"ix":6,"mn":"ADBE Vector Group","hd":false},{"ty":"gr","it":[{"ind":0,"ty":"sh","ix":1,"ks":{"a":0,"k":{"i":[[-15.963,-18.824],[9.812,0],[0,-34.958],[-6.608,-10.013],[-0.029,-0.029],[77.584,-52.953],[0,0],[1.43,-0.687],[11.414,4.062],[0.429,0.172],[4.148,2.775],[6.551,8.897],[8.64,36.875],[-17.594,28.865],[-10.585,6.837],[-6.58,1.917],[-1.344,0.286],[-13.274,-3.347],[-1.945,-0.544],[-4.806,-1.917],[-1.802,-0.515],[-3.547,-0.315],[-8.182,3.347],[-10.928,1.802],[-2.575,0.286]],"o":[[-8.296,-3.977],[-34.959,0],[0,12.873],[0,0],[0.772,2.489],[0,0],[-1.43,0.629],[-12.416,6.008],[-0.429,-0.143],[-4.262,-1.602],[-9.24,-6.208],[-22.285,-30.238],[-7.552,-32.241],[6.837,-11.186],[5.378,-3.49],[1.373,-0.401],[13.532,-2.947],[1.974,0.486],[4.949,1.402],[1.831,0.744],[3.547,1.058],[8.21,0.744],[10.27,-4.205],[2.517,-0.429],[25.718,-2.804]],"v":[[133.173,-104.558],[105.767,-110.766],[42.458,-47.486],[52.929,-12.642],[52.957,-12.585],[1.292,124.846],[-2.77,124.417],[-7.062,126.391],[-42.735,128.737],[-44.051,128.251],[-56.639,121.614],[-80.383,98.871],[-129.102,-0.798],[-116.743,-93.143],[-90.91,-120.75],[-72.974,-128.903],[-68.883,-129.933],[-28.603,-127.702],[-22.739,-126.157],[-8.177,-120.75],[-2.713,-118.862],[7.9,-116.802],[32.474,-120.664],[64.143,-129.761],[71.781,-130.82]],"c":true},"ix":2},"nm":"Path 1","mn":"ADBE Vector Shape - Group","hd":false},{"ty":"st","c":{"a":0,"k":[0.933333337307,0.109803922474,0.521568655968,1],"ix":3},"o":{"a":0,"k":100,"ix":4},"w":{"a":0,"k":17.165,"ix":5},"lc":2,"lj":2,"bm":0,"nm":"Stroke 1","mn":"ADBE Vector Graphic - Stroke","hd":false},{"ty":"fl","c":{"a":0,"k":[0.933333337307,0.109803922474,0.521568655968,1],"ix":4},"o":{"a":0,"k":100,"ix":5},"r":1,"bm":0,"nm":"Fill 1","mn":"ADBE Vector Graphic - Fill","hd":false},{"ty":"tr","p":{"a":0,"k":[488.25,498.276],"ix":2},"a":{"a":0,"k":[0,0],"ix":1},"s":{"a":0,"k":[100,100],"ix":3},"r":{"a":0,"k":0,"ix":6},"o":{"a":0,"k":100,"ix":7},"sk":{"a":0,"k":0,"ix":4},"sa":{"a":0,"k":0,"ix":5},"nm":"Transform"}],"nm":"Group 7","np":3,"cix":2,"bm":0,"ix":7,"mn":"ADBE Vector Group","hd":false}],"ip":0,"op":151,"st":0,"ct":1,"bm":0},{"ddd":0,"ind":4,"ty":4,"nm":"Layer 2","parent":6,"sr":1,"ks":{"o":{"a":0,"k":100,"ix":11},"r":{"a":1,"k":[{"i":{"x":[0.667],"y":[1]},"o":{"x":[0.333],"y":[0]},"t":10,"s":[0]},{"i":{"x":[0.667],"y":[1]},"o":{"x":[0.296],"y":[0]},"t":20,"s":[-16]},{"i":{"x":[0.813],"y":[1]},"o":{"x":[0.296],"y":[0]},"t":25,"s":[-14]},{"i":{"x":[0.667],"y":[1]},"o":{"x":[0.167],"y":[0]},"t":39,"s":[-16]},{"i":{"x":[0.667],"y":[1]},"o":{"x":[0.333],"y":[0]},"t":49,"s":[0]},{"i":{"x":[0.667],"y":[1]},"o":{"x":[0.333],"y":[0]},"t":75,"s":[0]},{"i":{"x":[0.667],"y":[1]},"o":{"x":[0.296],"y":[0]},"t":85,"s":[-16]},{"i":{"x":[0.813],"y":[1]},"o":{"x":[0.296],"y":[0]},"t":90,"s":[-14]},{"i":{"x":[0.667],"y":[1]},"o":{"x":[0.167],"y":[0]},"t":104,"s":[-16]},{"t":114,"s":[0]}],"ix":10},"p":{"a":1,"k":[{"i":{"x":0.667,"y":1},"o":{"x":0.333,"y":0},"t":10,"s":[349.428,632.331,0],"to":[-8.667,-2.5,0],"ti":[8.667,2.5,0]},{"i":{"x":0.667,"y":0.667},"o":{"x":0.333,"y":0.333},"t":20,"s":[297.428,617.331,0],"to":[0,0,0],"ti":[0,0,0]},{"i":{"x":0.667,"y":1},"o":{"x":0.333,"y":0},"t":39,"s":[297.428,617.331,0],"to":[8.667,2.5,0],"ti":[-8.667,-2.5,0]},{"i":{"x":0.667,"y":0.667},"o":{"x":0.333,"y":0.333},"t":49,"s":[349.428,632.331,0],"to":[0,0,0],"ti":[0,0,0]},{"i":{"x":0.667,"y":1},"o":{"x":0.333,"y":0},"t":75,"s":[349.428,632.331,0],"to":[-8.667,-2.5,0],"ti":[8.667,2.5,0]},{"i":{"x":0.667,"y":0.667},"o":{"x":0.333,"y":0.333},"t":85,"s":[297.428,617.331,0],"to":[0,0,0],"ti":[0,0,0]},{"i":{"x":0.667,"y":1},"o":{"x":0.333,"y":0},"t":104,"s":[297.428,617.331,0],"to":[8.667,2.5,0],"ti":[-8.667,-2.5,0]},{"t":114,"s":[349.428,632.331,0]}],"ix":2,"l":2},"a":{"a":0,"k":[349.428,632.331,0],"ix":1,"l":2},"s":{"a":0,"k":[100,100,100],"ix":6,"l":2}},"ao":0,"shapes":[{"ty":"gr","it":[{"ty":"gr","it":[{"ind":0,"ty":"sh","ix":1,"ks":{"a":0,"k":{"i":[[2.419,-4.655],[-4.655,-2.419],[-2.419,4.655],[2.571,1.336]],"o":[[-2.419,4.655],[4.655,2.419],[2.419,-4.655],[-2.571,-1.336]],"v":[[-8.784,-1.12],[-4.736,11.688],[8.072,7.641],[7.896,-12.615]],"c":true},"ix":2},"nm":"Path 1","mn":"ADBE Vector Shape - Group","hd":false},{"ty":"fl","c":{"a":0,"k":[0.505882382393,0.090196080506,0.858823537827,1],"ix":4},"o":{"a":0,"k":100,"ix":5},"r":1,"bm":0,"nm":"Fill 1","mn":"ADBE Vector Graphic - Fill","hd":false},{"ty":"tr","p":{"a":0,"k":[314.887,474.728],"ix":2},"a":{"a":0,"k":[0,0],"ix":1},"s":{"a":0,"k":[100,100],"ix":3},"r":{"a":0,"k":0,"ix":6},"o":{"a":0,"k":100,"ix":7},"sk":{"a":0,"k":0,"ix":4},"sa":{"a":0,"k":0,"ix":5},"nm":"Transform"}],"nm":"Group 1","np":2,"cix":2,"bm":0,"ix":1,"mn":"ADBE Vector Group","hd":false},{"ty":"gr","it":[{"ind":0,"ty":"sh","ix":1,"ks":{"a":0,"k":{"i":[[3.267,-4.104],[-4.104,-3.267],[-3.267,4.104],[2.267,1.804]],"o":[[-3.267,4.104],[4.104,3.267],[3.267,-4.104],[-2.267,-1.804]],"v":[[-8.672,-3.496],[-7.156,9.851],[6.191,8.335],[9.903,-11.579]],"c":true},"ix":2},"nm":"Path 1","mn":"ADBE Vector Shape - Group","hd":false},{"ty":"fl","c":{"a":0,"k":[0.505882382393,0.090196080506,0.858823537827,1],"ix":4},"o":{"a":0,"k":100,"ix":5},"r":1,"bm":0,"nm":"Fill 1","mn":"ADBE Vector Graphic - Fill","hd":false},{"ty":"tr","p":{"a":0,"k":[254.835,492.767],"ix":2},"a":{"a":0,"k":[0,0],"ix":1},"s":{"a":0,"k":[100,100],"ix":3},"r":{"a":0,"k":0,"ix":6},"o":{"a":0,"k":100,"ix":7},"sk":{"a":0,"k":0,"ix":4},"sa":{"a":0,"k":0,"ix":5},"nm":"Transform"}],"nm":"Group 2","np":2,"cix":2,"bm":0,"ix":2,"mn":"ADBE Vector Group","hd":false},{"ty":"gr","it":[{"ind":0,"ty":"sh","ix":1,"ks":{"a":0,"k":{"i":[[-0.179,-5.243],[-5.243,0.179],[0.179,5.243],[2.895,-0.099]],"o":[[0.179,5.243],[5.243,-0.179],[-0.179,-5.243],[-2.895,0.099]],"v":[[-9.494,4.515],[0.322,13.685],[9.492,3.869],[-0.61,-13.69]],"c":true},"ix":2},"nm":"Path 1","mn":"ADBE Vector Shape - Group","hd":false},{"ty":"fl","c":{"a":0,"k":[0.505882382393,0.090196080506,0.858823537827,1],"ix":4},"o":{"a":0,"k":100,"ix":5},"r":1,"bm":0,"nm":"Fill 1","mn":"ADBE Vector Graphic - Fill","hd":false},{"ty":"tr","p":{"a":0,"k":[353.276,554.325],"ix":2},"a":{"a":0,"k":[0,0],"ix":1},"s":{"a":0,"k":[100,100],"ix":3},"r":{"a":0,"k":0,"ix":6},"o":{"a":0,"k":100,"ix":7},"sk":{"a":0,"k":0,"ix":4},"sa":{"a":0,"k":0,"ix":5},"nm":"Transform"}],"nm":"Group 3","np":2,"cix":2,"bm":0,"ix":3,"mn":"ADBE Vector Group","hd":false},{"ty":"gr","it":[{"ind":0,"ty":"sh","ix":1,"ks":{"a":0,"k":{"i":[[2.735,-4.477],[-4.477,-2.735],[-2.735,4.477],[2.472,1.51]],"o":[[-2.735,4.477],[4.477,2.735],[2.735,-4.477],[-2.472,-1.51]],"v":[[-8.732,-1.966],[-5.578,11.091],[7.479,7.936],[8.701,-12.284]],"c":true},"ix":2},"nm":"Path 1","mn":"ADBE Vector Shape - Group","hd":false},{"ty":"fl","c":{"a":0,"k":[0.505882382393,0.090196080506,0.858823537827,1],"ix":4},"o":{"a":0,"k":100,"ix":5},"r":1,"bm":0,"nm":"Fill 1","mn":"ADBE Vector Graphic - Fill","hd":false},{"ty":"tr","p":{"a":0,"k":[300.297,538.15],"ix":2},"a":{"a":0,"k":[0,0],"ix":1},"s":{"a":0,"k":[100,100],"ix":3},"r":{"a":0,"k":0,"ix":6},"o":{"a":0,"k":100,"ix":7},"sk":{"a":0,"k":0,"ix":4},"sa":{"a":0,"k":0,"ix":5},"nm":"Transform"}],"nm":"Group 4","np":2,"cix":2,"bm":0,"ix":4,"mn":"ADBE Vector Group","hd":false},{"ty":"gr","it":[{"ind":0,"ty":"sh","ix":1,"ks":{"a":0,"k":{"i":[[-2.419,-4.655],[4.655,-2.419],[2.419,4.655],[-2.571,1.336]],"o":[[2.419,4.655],[-4.655,2.419],[-2.419,-4.655],[2.571,-1.336]],"v":[[8.784,-1.12],[4.736,11.688],[-8.072,7.641],[-7.896,-12.615]],"c":true},"ix":2},"nm":"Path 1","mn":"ADBE Vector Shape - Group","hd":false},{"ty":"fl","c":{"a":0,"k":[0.505882382393,0.090196080506,0.858823537827,1],"ix":4},"o":{"a":0,"k":100,"ix":5},"r":1,"bm":0,"nm":"Fill 1","mn":"ADBE Vector Graphic - Fill","hd":false},{"ty":"tr","p":{"a":0,"k":[381.408,474.728],"ix":2},"a":{"a":0,"k":[0,0],"ix":1},"s":{"a":0,"k":[100,100],"ix":3},"r":{"a":0,"k":0,"ix":6},"o":{"a":0,"k":100,"ix":7},"sk":{"a":0,"k":0,"ix":4},"sa":{"a":0,"k":0,"ix":5},"nm":"Transform"}],"nm":"Group 5","np":2,"cix":2,"bm":0,"ix":5,"mn":"ADBE Vector Group","hd":false},{"ty":"gr","it":[{"ind":0,"ty":"sh","ix":1,"ks":{"a":0,"k":{"i":[[-3.267,-4.104],[4.104,-3.267],[3.267,4.104],[-2.267,1.804]],"o":[[3.267,4.104],[-4.104,3.267],[-3.267,-4.104],[2.267,-1.804]],"v":[[8.672,-3.496],[7.156,9.851],[-6.191,8.335],[-9.903,-11.579]],"c":true},"ix":2},"nm":"Path 1","mn":"ADBE Vector Shape - Group","hd":false},{"ty":"fl","c":{"a":0,"k":[0.505882382393,0.090196080506,0.858823537827,1],"ix":4},"o":{"a":0,"k":100,"ix":5},"r":1,"bm":0,"nm":"Fill 1","mn":"ADBE Vector Graphic - Fill","hd":false},{"ty":"tr","p":{"a":0,"k":[441.46,492.767],"ix":2},"a":{"a":0,"k":[0,0],"ix":1},"s":{"a":0,"k":[100,100],"ix":3},"r":{"a":0,"k":0,"ix":6},"o":{"a":0,"k":100,"ix":7},"sk":{"a":0,"k":0,"ix":4},"sa":{"a":0,"k":0,"ix":5},"nm":"Transform"}],"nm":"Group 6","np":2,"cix":2,"bm":0,"ix":6,"mn":"ADBE Vector Group","hd":false},{"ty":"gr","it":[{"ind":0,"ty":"sh","ix":1,"ks":{"a":0,"k":{"i":[[-2.735,-4.477],[4.477,-2.735],[2.735,4.477],[-2.472,1.51]],"o":[[2.735,4.477],[-4.477,2.735],[-2.735,-4.477],[2.472,-1.51]],"v":[[8.732,-1.966],[5.578,11.091],[-7.479,7.936],[-8.701,-12.284]],"c":true},"ix":2},"nm":"Path 1","mn":"ADBE Vector Shape - Group","hd":false},{"ty":"fl","c":{"a":0,"k":[0.505882382393,0.090196080506,0.858823537827,1],"ix":4},"o":{"a":0,"k":100,"ix":5},"r":1,"bm":0,"nm":"Fill 1","mn":"ADBE Vector Graphic - Fill","hd":false},{"ty":"tr","p":{"a":0,"k":[395.997,538.15],"ix":2},"a":{"a":0,"k":[0,0],"ix":1},"s":{"a":0,"k":[100,100],"ix":3},"r":{"a":0,"k":0,"ix":6},"o":{"a":0,"k":100,"ix":7},"sk":{"a":0,"k":0,"ix":4},"sa":{"a":0,"k":0,"ix":5},"nm":"Transform"}],"nm":"Group 7","np":2,"cix":2,"bm":0,"ix":7,"mn":"ADBE Vector Group","hd":false},{"ty":"tr","p":{"a":0,"k":[395.997,538.15],"ix":2},"a":{"a":0,"k":[395.997,538.15],"ix":1},"s":{"a":0,"k":[100,100],"ix":3},"r":{"a":0,"k":0,"ix":6},"o":{"a":0,"k":100,"ix":7},"sk":{"a":0,"k":0,"ix":4},"sa":{"a":0,"k":0,"ix":5},"nm":"Transform"}],"nm":"Group 1","np":7,"cix":2,"bm":0,"ix":1,"mn":"ADBE Vector Group","hd":false},{"ty":"gr","it":[{"ind":0,"ty":"sh","ix":1,"ks":{"a":0,"k":{"i":[[0,0],[0,35.826],[0,0]],"o":[[-22.019,-24.868],[0,0],[0,0]],"v":[[-56.002,46.7],[-91.389,-46.7],[91.389,-46.7]],"c":false},"ix":2},"nm":"Path 1","mn":"ADBE Vector Shape - Group","hd":false},{"ty":"tm","s":{"a":0,"k":0,"ix":1},"e":{"a":1,"k":[{"i":{"x":[0.667],"y":[1]},"o":{"x":[0.333],"y":[0]},"t":25,"s":[100]},{"i":{"x":[0.667],"y":[1]},"o":{"x":[0.333],"y":[0]},"t":32,"s":[55]},{"i":{"x":[0.667],"y":[1]},"o":{"x":[0.333],"y":[0]},"t":39,"s":[100]},{"i":{"x":[0.667],"y":[1]},"o":{"x":[0.333],"y":[0]},"t":90,"s":[100]},{"i":{"x":[0.667],"y":[1]},"o":{"x":[0.333],"y":[0]},"t":97,"s":[55]},{"t":104,"s":[100]}],"ix":2},"o":{"a":0,"k":0,"ix":3},"m":1,"ix":2,"nm":"Trim Paths 1","mn":"ADBE Vector Filter - Trim","hd":false},{"ty":"st","c":{"a":0,"k":[1,0.360784322023,0.78823530674,1],"ix":3},"o":{"a":0,"k":100,"ix":4},"w":{"a":0,"k":17.165,"ix":5},"lc":2,"lj":2,"bm":0,"nm":"Stroke 1","mn":"ADBE Vector Graphic - Stroke","hd":false},{"ty":"tr","p":{"a":0,"k":[299.875,489.462],"ix":2},"a":{"a":0,"k":[0,0],"ix":1},"s":{"a":0,"k":[100,100],"ix":3},"r":{"a":0,"k":0,"ix":6},"o":{"a":0,"k":100,"ix":7},"sk":{"a":0,"k":0,"ix":4},"sa":{"a":0,"k":0,"ix":5},"nm":"Transform"}],"nm":"Group 2","np":3,"cix":2,"bm":0,"ix":2,"mn":"ADBE Vector Group","hd":false},{"ty":"gr","it":[{"ind":0,"ty":"sh","ix":1,"ks":{"a":0,"k":{"i":[[0,0],[77.841,0],[0,77.841]],"o":[[0,77.841],[-77.841,0],[0,0]],"v":[[140.95,-70.475],[0,70.475],[-140.95,-70.475]],"c":true},"ix":2},"nm":"Path 1","mn":"ADBE Vector Shape - Group","hd":false},{"ty":"st","c":{"a":0,"k":[0.980392158031,0.286274522543,0.568627476692,1],"ix":3},"o":{"a":0,"k":100,"ix":4},"w":{"a":0,"k":17.165,"ix":5},"lc":2,"lj":2,"bm":0,"nm":"Stroke 1","mn":"ADBE Vector Graphic - Stroke","hd":false},{"ty":"fl","c":{"a":0,"k":[0.980392158031,0.286274522543,0.568627476692,1],"ix":4},"o":{"a":0,"k":100,"ix":5},"r":1,"bm":0,"nm":"Fill 1","mn":"ADBE Vector Graphic - Fill","hd":false},{"ty":"tr","p":{"a":0,"k":[349.435,513.237],"ix":2},"a":{"a":0,"k":[0,0],"ix":1},"s":{"a":0,"k":[100,100],"ix":3},"r":{"a":0,"k":0,"ix":6},"o":{"a":0,"k":100,"ix":7},"sk":{"a":0,"k":0,"ix":4},"sa":{"a":0,"k":0,"ix":5},"nm":"Transform"}],"nm":"Group 3","np":3,"cix":2,"bm":0,"ix":3,"mn":"ADBE Vector Group","hd":false},{"ty":"gr","it":[{"ind":0,"ty":"sh","ix":1,"ks":{"a":0,"k":{"i":[[0,0],[87.155,0],[0,87.155]],"o":[[0,87.155],[-87.155,0],[0,0]],"v":[[157.814,-78.907],[0,78.907],[-157.814,-78.907]],"c":true},"ix":2},"nm":"Path 1","mn":"ADBE Vector Shape - Group","hd":false},{"ty":"st","c":{"a":0,"k":[1,1,1,1],"ix":3},"o":{"a":0,"k":100,"ix":4},"w":{"a":0,"k":17.165,"ix":5},"lc":2,"lj":2,"bm":0,"nm":"Stroke 1","mn":"ADBE Vector Graphic - Stroke","hd":false},{"ty":"fl","c":{"a":0,"k":[1,1,1,1],"ix":4},"o":{"a":0,"k":100,"ix":5},"r":1,"bm":0,"nm":"Fill 1","mn":"ADBE Vector Graphic - Fill","hd":false},{"ty":"tr","p":{"a":0,"k":[349.435,521.669],"ix":2},"a":{"a":0,"k":[0,0],"ix":1},"s":{"a":0,"k":[100,100],"ix":3},"r":{"a":0,"k":0,"ix":6},"o":{"a":0,"k":100,"ix":7},"sk":{"a":0,"k":0,"ix":4},"sa":{"a":0,"k":0,"ix":5},"nm":"Transform"}],"nm":"Group 4","np":3,"cix":2,"bm":0,"ix":4,"mn":"ADBE Vector Group","hd":false},{"ty":"gr","it":[{"ind":0,"ty":"sh","ix":1,"ks":{"a":0,"k":{"i":[[0,0],[0,100.842]],"o":[[-99.354,-5.922],[0,0]],"v":[[89.041,94.605],[-89.041,-94.605]],"c":false},"ix":2},"nm":"Path 1","mn":"ADBE Vector Shape - Group","hd":false},{"ty":"st","c":{"a":0,"k":[0.258823543787,0.960784316063,0.898039221764,1],"ix":3},"o":{"a":0,"k":100,"ix":4},"w":{"a":0,"k":17.165,"ix":5},"lc":2,"lj":2,"bm":0,"nm":"Stroke 1","mn":"ADBE Vector Graphic - Stroke","hd":false},{"ty":"tr","p":{"a":0,"k":[248.886,537.353],"ix":2},"a":{"a":0,"k":[0,0],"ix":1},"s":{"a":0,"k":[100,100],"ix":3},"r":{"a":0,"k":0,"ix":6},"o":{"a":0,"k":100,"ix":7},"sk":{"a":0,"k":0,"ix":4},"sa":{"a":0,"k":0,"ix":5},"nm":"Transform"}],"nm":"Group 5","np":2,"cix":2,"bm":0,"ix":5,"mn":"ADBE Vector Group","hd":false},{"ty":"gr","it":[{"ind":0,"ty":"sh","ix":1,"ks":{"a":0,"k":{"i":[[0,0]],"o":[[0,0]],"v":[[0,0]],"c":false},"ix":2},"nm":"Path 1","mn":"ADBE Vector Shape - Group","hd":false},{"ty":"st","c":{"a":0,"k":[0.258823543787,0.960784316063,0.898039221764,1],"ix":3},"o":{"a":0,"k":100,"ix":4},"w":{"a":0,"k":17.165,"ix":5},"lc":2,"lj":2,"bm":0,"nm":"Stroke 1","mn":"ADBE Vector Graphic - Stroke","hd":false},{"ty":"tr","p":{"a":0,"k":[326.427,583.698],"ix":2},"a":{"a":0,"k":[0,0],"ix":1},"s":{"a":0,"k":[100,100],"ix":3},"r":{"a":0,"k":0,"ix":6},"o":{"a":0,"k":100,"ix":7},"sk":{"a":0,"k":0,"ix":4},"sa":{"a":0,"k":0,"ix":5},"nm":"Transform"}],"nm":"Group 6","np":2,"cix":2,"bm":0,"ix":6,"mn":"ADBE Vector Group","hd":false},{"ty":"gr","it":[{"ind":0,"ty":"sh","ix":1,"ks":{"a":0,"k":{"i":[[0,0],[99.354,-5.922],[0,100.842],[0,0],[-77.841,0],[-3.776,0.315],[0,73.979]],"o":[[0,100.842],[-99.354,-5.922],[0,0],[0,77.841],[3.862,0],[72.463,-5.865],[0,0]],"v":[[178.082,-94.605],[0,94.605],[-178.082,-94.605],[-152.45,-94.605],[-11.5,46.344],[0,45.887],[129.449,-94.605]],"c":true},"ix":2},"nm":"Path 1","mn":"ADBE Vector Shape - Group","hd":false},{"ty":"st","c":{"a":0,"k":[0.152941182256,0.898039221764,0.831372559071,1],"ix":3},"o":{"a":0,"k":100,"ix":4},"w":{"a":0,"k":17.165,"ix":5},"lc":2,"lj":2,"bm":0,"nm":"Stroke 1","mn":"ADBE Vector Graphic - Stroke","hd":false},{"ty":"fl","c":{"a":0,"k":[0.152941182256,0.898039221764,0.831372559071,1],"ix":4},"o":{"a":0,"k":100,"ix":5},"r":1,"bm":0,"nm":"Fill 1","mn":"ADBE Vector Graphic - Fill","hd":false},{"ty":"tr","p":{"a":0,"k":[337.928,537.353],"ix":2},"a":{"a":0,"k":[0,0],"ix":1},"s":{"a":0,"k":[100,100],"ix":3},"r":{"a":0,"k":0,"ix":6},"o":{"a":0,"k":100,"ix":7},"sk":{"a":0,"k":0,"ix":4},"sa":{"a":0,"k":0,"ix":5},"nm":"Transform"}],"nm":"Group 7","np":3,"cix":2,"bm":0,"ix":7,"mn":"ADBE Vector Group","hd":false},{"ty":"gr","it":[{"ind":0,"ty":"sh","ix":1,"ks":{"a":0,"k":{"i":[[0,0],[104.704,0],[3.805,0.258],[0,100.842],[0,0],[-72.463,-5.865],[-3.862,0],[0,77.841]],"o":[[0,104.704],[-3.862,0],[-99.354,-5.922],[0,0],[0,73.979],[3.776,0.315],[77.841,0],[0,0]],"v":[[189.583,-94.791],[0,94.791],[-11.5,94.419],[-189.583,-94.791],[-140.95,-94.791],[-11.5,45.701],[0,46.158],[140.95,-94.791]],"c":true},"ix":2},"nm":"Path 1","mn":"ADBE Vector Shape - Group","hd":false},{"ty":"st","c":{"a":0,"k":[0.152941182256,0.800000011921,0.898039221764,1],"ix":3},"o":{"a":0,"k":100,"ix":4},"w":{"a":0,"k":17.165,"ix":5},"lc":2,"lj":2,"bm":0,"nm":"Stroke 1","mn":"ADBE Vector Graphic - Stroke","hd":false},{"ty":"fl","c":{"a":0,"k":[0.152941182256,0.800000011921,0.898039221764,1],"ix":4},"o":{"a":0,"k":100,"ix":5},"r":1,"bm":0,"nm":"Fill 1","mn":"ADBE Vector Graphic - Fill","hd":false},{"ty":"tr","p":{"a":0,"k":[349.428,537.539],"ix":2},"a":{"a":0,"k":[0,0],"ix":1},"s":{"a":0,"k":[100,100],"ix":3},"r":{"a":0,"k":0,"ix":6},"o":{"a":0,"k":100,"ix":7},"sk":{"a":0,"k":0,"ix":4},"sa":{"a":0,"k":0,"ix":5},"nm":"Transform"}],"nm":"Group 8","np":3,"cix":2,"bm":0,"ix":8,"mn":"ADBE Vector Group","hd":false}],"ip":0,"op":151,"st":0,"ct":1,"bm":0},{"ddd":0,"ind":5,"ty":4,"nm":"Layer 1","parent":6,"sr":1,"ks":{"o":{"a":0,"k":100,"ix":11},"r":{"a":1,"k":[{"i":{"x":[0.667],"y":[1]},"o":{"x":[0.333],"y":[0]},"t":10,"s":[0]},{"i":{"x":[0.667],"y":[1]},"o":{"x":[0.296],"y":[0]},"t":20,"s":[10]},{"i":{"x":[0.813],"y":[1]},"o":{"x":[0.296],"y":[0]},"t":34,"s":[8]},{"i":{"x":[0.667],"y":[1]},"o":{"x":[0.167],"y":[0]},"t":39,"s":[10]},{"i":{"x":[0.667],"y":[1]},"o":{"x":[0.333],"y":[0]},"t":49,"s":[0]},{"i":{"x":[0.667],"y":[1]},"o":{"x":[0.333],"y":[0]},"t":75,"s":[0]},{"i":{"x":[0.667],"y":[1]},"o":{"x":[0.296],"y":[0]},"t":85,"s":[10]},{"i":{"x":[0.813],"y":[1]},"o":{"x":[0.296],"y":[0]},"t":99,"s":[8]},{"i":{"x":[0.667],"y":[1]},"o":{"x":[0.167],"y":[0]},"t":104,"s":[10]},{"t":114,"s":[0]}],"ix":10},"p":{"a":1,"k":[{"i":{"x":0.667,"y":1},"o":{"x":0.333,"y":0},"t":10,"s":[601.096,652.112,0],"to":[5.333,-13.333,0],"ti":[-5.333,13.333,0]},{"i":{"x":0.667,"y":0.667},"o":{"x":0.333,"y":0.333},"t":20,"s":[633.096,572.112,0],"to":[0,0,0],"ti":[0,0,0]},{"i":{"x":0.667,"y":1},"o":{"x":0.333,"y":0},"t":39,"s":[633.096,572.112,0],"to":[-5.333,13.333,0],"ti":[5.333,-13.333,0]},{"i":{"x":0.667,"y":0.667},"o":{"x":0.333,"y":0.333},"t":49,"s":[601.096,652.112,0],"to":[0,0,0],"ti":[0,0,0]},{"i":{"x":0.667,"y":1},"o":{"x":0.333,"y":0},"t":75,"s":[601.096,652.112,0],"to":[5.333,-13.333,0],"ti":[-5.333,13.333,0]},{"i":{"x":0.667,"y":0.667},"o":{"x":0.333,"y":0.333},"t":85,"s":[633.096,572.112,0],"to":[0,0,0],"ti":[0,0,0]},{"i":{"x":0.667,"y":1},"o":{"x":0.333,"y":0},"t":104,"s":[633.096,572.112,0],"to":[-5.333,13.333,0],"ti":[5.333,-13.333,0]},{"t":114,"s":[601.096,652.112,0]}],"ix":2,"l":2},"a":{"a":0,"k":[601.096,652.112,0],"ix":1,"l":2},"s":{"a":0,"k":[100,100,100],"ix":6,"l":2}},"ao":0,"shapes":[{"ty":"gr","it":[{"ind":0,"ty":"sh","ix":1,"ks":{"a":0,"k":{"i":[[0,0],[0,0]],"o":[[0,0],[0,0]],"v":[[22.648,6.691],[-22.648,-6.691]],"c":false},"ix":2},"nm":"Path 1","mn":"ADBE Vector Shape - Group","hd":false},{"ty":"st","c":{"a":0,"k":[0.992156863213,0.46274510026,0.168627455831,1],"ix":3},"o":{"a":0,"k":100,"ix":4},"w":{"a":0,"k":17.165,"ix":5},"lc":2,"lj":2,"bm":0,"nm":"Stroke 1","mn":"ADBE Vector Graphic - Stroke","hd":false},{"ty":"tr","p":{"a":0,"k":[664.671,345.373],"ix":2},"a":{"a":0,"k":[0,0],"ix":1},"s":{"a":0,"k":[100,100],"ix":3},"r":{"a":0,"k":0,"ix":6},"o":{"a":0,"k":100,"ix":7},"sk":{"a":0,"k":0,"ix":4},"sa":{"a":0,"k":0,"ix":5},"nm":"Transform"}],"nm":"Group 1","np":2,"cix":2,"bm":0,"ix":1,"mn":"ADBE Vector Group","hd":false},{"ty":"gr","it":[{"ind":0,"ty":"sh","ix":1,"ks":{"a":0,"k":{"i":[[0,0],[0,0]],"o":[[0,0],[0,0]],"v":[[19.603,5.791],[-19.603,-5.791]],"c":false},"ix":2},"nm":"Path 1","mn":"ADBE Vector Shape - Group","hd":false},{"ty":"st","c":{"a":0,"k":[0.980392158031,0.137254908681,0.219607844949,1],"ix":3},"o":{"a":0,"k":100,"ix":4},"w":{"a":0,"k":17.165,"ix":5},"lc":2,"lj":2,"bm":0,"nm":"Stroke 1","mn":"ADBE Vector Graphic - Stroke","hd":false},{"ty":"fl","c":{"a":0,"k":[0.980392158031,0.137254908681,0.219607844949,1],"ix":4},"o":{"a":0,"k":100,"ix":5},"r":1,"bm":0,"nm":"Fill 1","mn":"ADBE Vector Graphic - Fill","hd":false},{"ty":"tr","p":{"a":0,"k":[732.07,410.626],"ix":2},"a":{"a":0,"k":[0,0],"ix":1},"s":{"a":0,"k":[100,100],"ix":3},"r":{"a":0,"k":0,"ix":6},"o":{"a":0,"k":100,"ix":7},"sk":{"a":0,"k":0,"ix":4},"sa":{"a":0,"k":0,"ix":5},"nm":"Transform"}],"nm":"Group 2","np":3,"cix":2,"bm":0,"ix":2,"mn":"ADBE Vector Group","hd":false},{"ty":"gr","it":[{"ind":0,"ty":"sh","ix":1,"ks":{"a":0,"k":{"i":[[0,0],[0,0]],"o":[[0,0],[0,0]],"v":[[32.482,8.273],[-32.482,-8.273]],"c":false},"ix":2},"nm":"Path 1","mn":"ADBE Vector Shape - Group","hd":false},{"ty":"st","c":{"a":0,"k":[0.992156863213,0.46274510026,0.168627455831,1],"ix":3},"o":{"a":0,"k":100,"ix":4},"w":{"a":0,"k":17.165,"ix":5},"lc":2,"lj":2,"bm":0,"nm":"Stroke 1","mn":"ADBE Vector Graphic - Stroke","hd":false},{"ty":"tr","p":{"a":0,"k":[661.304,432.654],"ix":2},"a":{"a":0,"k":[0,0],"ix":1},"s":{"a":0,"k":[100,100],"ix":3},"r":{"a":0,"k":0,"ix":6},"o":{"a":0,"k":100,"ix":7},"sk":{"a":0,"k":0,"ix":4},"sa":{"a":0,"k":0,"ix":5},"nm":"Transform"}],"nm":"Group 3","np":2,"cix":2,"bm":0,"ix":3,"mn":"ADBE Vector Group","hd":false},{"ty":"gr","it":[{"ind":0,"ty":"sh","ix":1,"ks":{"a":0,"k":{"i":[[0,0],[0,0]],"o":[[0,0],[0,0]],"v":[[28.003,8.273],[-28.003,-8.273]],"c":false},"ix":2},"nm":"Path 1","mn":"ADBE Vector Shape - Group","hd":false},{"ty":"st","c":{"a":0,"k":[0.980392158031,0.137254908681,0.219607844949,1],"ix":3},"o":{"a":0,"k":100,"ix":4},"w":{"a":0,"k":17.165,"ix":5},"lc":2,"lj":2,"bm":0,"nm":"Stroke 1","mn":"ADBE Vector Graphic - Stroke","hd":false},{"ty":"fl","c":{"a":0,"k":[0.980392158031,0.137254908681,0.219607844949,1],"ix":4},"o":{"a":0,"k":100,"ix":5},"r":1,"bm":0,"nm":"Fill 1","mn":"ADBE Vector Graphic - Fill","hd":false},{"ty":"tr","p":{"a":0,"k":[680.534,489.352],"ix":2},"a":{"a":0,"k":[0,0],"ix":1},"s":{"a":0,"k":[100,100],"ix":3},"r":{"a":0,"k":0,"ix":6},"o":{"a":0,"k":100,"ix":7},"sk":{"a":0,"k":0,"ix":4},"sa":{"a":0,"k":0,"ix":5},"nm":"Transform"}],"nm":"Group 4","np":3,"cix":2,"bm":0,"ix":4,"mn":"ADBE Vector Group","hd":false},{"ty":"gr","it":[{"ind":0,"ty":"sh","ix":1,"ks":{"a":0,"k":{"i":[[0,0],[0,0]],"o":[[0,0],[0,0]],"v":[[15.652,4.624],[-15.652,-4.624]],"c":false},"ix":2},"nm":"Path 1","mn":"ADBE Vector Shape - Group","hd":false},{"ty":"st","c":{"a":0,"k":[0.988235294819,0.694117665291,0.152941182256,1],"ix":3},"o":{"a":0,"k":100,"ix":4},"w":{"a":0,"k":17.165,"ix":5},"lc":2,"lj":2,"bm":0,"nm":"Stroke 1","mn":"ADBE Vector Graphic - Stroke","hd":false},{"ty":"tr","p":{"a":0,"k":[605.838,557.295],"ix":2},"a":{"a":0,"k":[0,0],"ix":1},"s":{"a":0,"k":[100,100],"ix":3},"r":{"a":0,"k":0,"ix":6},"o":{"a":0,"k":100,"ix":7},"sk":{"a":0,"k":0,"ix":4},"sa":{"a":0,"k":0,"ix":5},"nm":"Transform"}],"nm":"Group 5","np":2,"cix":2,"bm":0,"ix":5,"mn":"ADBE Vector Group","hd":false},{"ty":"gr","it":[{"ind":0,"ty":"sh","ix":1,"ks":{"a":0,"k":{"i":[[0,0],[0,0]],"o":[[0,0],[0,0]],"v":[[27.938,8.491],[-27.938,-8.491]],"c":false},"ix":2},"nm":"Path 1","mn":"ADBE Vector Shape - Group","hd":false},{"ty":"st","c":{"a":0,"k":[0.980392158031,0.137254908681,0.219607844949,1],"ix":3},"o":{"a":0,"k":100,"ix":4},"w":{"a":0,"k":17.165,"ix":5},"lc":2,"lj":2,"bm":0,"nm":"Stroke 1","mn":"ADBE Vector Graphic - Stroke","hd":false},{"ty":"fl","c":{"a":0,"k":[0.980392158031,0.137254908681,0.219607844949,1],"ix":4},"o":{"a":0,"k":100,"ix":5},"r":1,"bm":0,"nm":"Fill 1","mn":"ADBE Vector Graphic - Fill","hd":false},{"ty":"tr","p":{"a":0,"k":[618.19,611.059],"ix":2},"a":{"a":0,"k":[0,0],"ix":1},"s":{"a":0,"k":[100,100],"ix":3},"r":{"a":0,"k":0,"ix":6},"o":{"a":0,"k":100,"ix":7},"sk":{"a":0,"k":0,"ix":4},"sa":{"a":0,"k":0,"ix":5},"nm":"Transform"}],"nm":"Group 6","np":3,"cix":2,"bm":0,"ix":6,"mn":"ADBE Vector Group","hd":false},{"ty":"gr","it":[{"ind":0,"ty":"sh","ix":1,"ks":{"a":0,"k":{"i":[[0.294,1.603],[5.056,6.25],[3.501,1.685],[1.473,0.916],[2.618,0.245],[4.614,-0.213],[0.753,-0.147],[1.882,-0.393],[4.336,-5.17],[1.685,-2.814],[1.538,-9.555],[0.065,-2.781],[0.049,-0.507],[2.192,-12.876],[1.227,-7.363],[0.229,-2.749],[1.473,-12.14],[-1.113,-9.26],[-3.812,-2.503],[-0.262,-0.18],[-4.876,4.45],[-1.865,2.52],[-5.448,10.504],[-3.125,6.283],[-0.883,2.618],[-0.704,1.423],[-9.571,16.918],[-0.704,2.749],[-0.933,9.686],[0,1.603]],"o":[[-0.671,-8.099],[-2.978,-2.323],[-0.082,-0.475],[-2.323,-1.129],[-4.565,-0.949],[-0.753,0.164],[-1.881,0.409],[-6.184,2.389],[-2.569,2.16],[-4.974,8.361],[-0.867,2.667],[-0.098,0.507],[-1.554,12.958],[-1.26,7.346],[-0.9,2.618],[-2.258,12.009],[-1.113,9.179],[0.54,4.434],[0.245,0.196],[5.105,3.42],[2.323,-2.111],[7.068,-9.539],[3.223,-6.234],[1.538,-2.291],[0.769,-1.391],[8.508,-17.474],[1.325,-2.438],[4.565,-8.557],[0.213,-1.62],[0,-1.62]],"v":[[51.522,-66.357],[42.474,-87.676],[34.245,-95.464],[28.453,-98.278],[21.123,-100.667],[7.347,-101.338],[5.073,-100.863],[-0.572,-99.669],[-16.786,-88.969],[-22.774,-81.214],[-32.28,-54.25],[-33.556,-46.053],[-33.867,-44.548],[-39.561,-5.805],[-43.226,16.267],[-44.731,24.349],[-50.539,60.524],[-51.439,88.158],[-45.173,98.727],[-44.404,99.283],[-27.191,97.631],[-21.04,90.546],[-2.944,60.066],[6.447,41.217],[10.079,33.855],[12.403,29.666],[39.464,-21.937],[43.162,-29.381],[51.604,-56.688],[51.948,-61.515]],"c":true},"ix":2},"nm":"Path 1","mn":"ADBE Vector Shape - Group","hd":false},{"ty":"st","c":{"a":0,"k":[0.988235294819,0.694117665291,0.152941182256,1],"ix":3},"o":{"a":0,"k":100,"ix":4},"w":{"a":0,"k":17.165,"ix":5},"lc":2,"lj":2,"bm":0,"nm":"Stroke 1","mn":"ADBE Vector Graphic - Stroke","hd":false},{"ty":"fl","c":{"a":0,"k":[0.988235294819,0.694117665291,0.152941182256,1],"ix":4},"o":{"a":0,"k":100,"ix":5},"r":1,"bm":0,"nm":"Fill 1","mn":"ADBE Vector Graphic - Fill","hd":false},{"ty":"tr","p":{"a":1,"k":[{"i":{"x":0.667,"y":1},"o":{"x":0.333,"y":0},"t":20,"s":[656.825,432.654],"to":[0,0],"ti":[0,0]},{"i":{"x":0.667,"y":1},"o":{"x":0.333,"y":0},"t":29,"s":[656.825,411.654],"to":[0,0],"ti":[0,0]},{"i":{"x":0.667,"y":0.667},"o":{"x":0.333,"y":0.333},"t":39,"s":[656.825,432.654],"to":[0,0],"ti":[0,0]},{"i":{"x":0.667,"y":1},"o":{"x":0.333,"y":0},"t":85,"s":[656.825,432.654],"to":[0,0],"ti":[0,0]},{"i":{"x":0.667,"y":1},"o":{"x":0.333,"y":0},"t":94,"s":[656.825,411.654],"to":[0,0],"ti":[0,0]},{"t":104,"s":[656.825,432.654]}],"ix":2},"a":{"a":0,"k":[0,0],"ix":1},"s":{"a":1,"k":[{"i":{"x":[0.657,0.657],"y":[1,1]},"o":{"x":[0.297,0.297],"y":[0,0]},"t":20,"s":[100,100]},{"i":{"x":[0.817,0.817],"y":[1,1]},"o":{"x":[0.423,0.423],"y":[0,0]},"t":29,"s":[89,89]},{"i":{"x":[0.667,0.667],"y":[1,1]},"o":{"x":[0.167,0.167],"y":[0,0]},"t":39,"s":[100,100]},{"i":{"x":[0.657,0.657],"y":[1,1]},"o":{"x":[0.297,0.297],"y":[0,0]},"t":85,"s":[100,100]},{"i":{"x":[0.817,0.817],"y":[1,1]},"o":{"x":[0.423,0.423],"y":[0,0]},"t":94,"s":[89,89]},{"t":104,"s":[100,100]}],"ix":3},"r":{"a":0,"k":0,"ix":6},"o":{"a":0,"k":100,"ix":7},"sk":{"a":0,"k":0,"ix":4},"sa":{"a":0,"k":0,"ix":5},"nm":"Transform"}],"nm":"Group 7","np":3,"cix":2,"bm":0,"ix":7,"mn":"ADBE Vector Group","hd":false},{"ty":"gr","it":[{"ind":0,"ty":"sh","ix":1,"ks":{"a":0,"k":{"i":[[0.544,2.803],[8.84,10.928],[6.122,2.946],[2.575,1.602],[4.577,0.429],[0.601,0.115],[3.29,-0.687],[7.581,-9.04],[2.947,-4.92],[2.689,-16.707],[0.114,-4.863],[0.086,-0.887],[3.833,-22.514],[2.146,-12.873],[0.401,-4.806],[2.575,-21.227],[-1.945,-16.192],[-6.665,-4.377],[-0.458,-0.315],[-1.202,1.087],[-3.261,4.406],[-9.498,18.366],[-5.464,10.985],[-1.545,4.577],[-1.202,2.489],[-16.736,29.58],[-1.259,4.806],[-1.659,16.936],[0,2.803]],"o":[[-1.173,-14.161],[-5.206,-4.062],[-0.143,-0.83],[-4.091,-1.974],[-0.601,-0.114],[-3.29,0.715],[-10.814,4.177],[-4.491,3.776],[-8.697,14.618],[-1.516,4.663],[-0.172,0.887],[-2.718,22.657],[-2.203,12.845],[-1.573,4.577],[-3.948,20.998],[-1.945,16.049],[0.944,7.753],[0.429,0.343],[1.344,-0.83],[4.062,-3.69],[12.358,-16.678],[5.664,-10.9],[2.689,-4.005],[1.345,-2.432],[14.904,-30.553],[2.317,-4.262],[7.953,-14.962],[0.401,-2.832],[0,-2.832]],"v":[[76.927,-114.645],[61.107,-151.921],[46.718,-165.538],[36.591,-170.458],[23.774,-174.635],[22.001,-174.978],[12.131,-172.89],[-16.219,-154.181],[-26.69,-140.621],[-43.311,-93.475],[-45.542,-79.143],[-46.085,-76.511],[-56.041,-8.768],[-62.449,29.823],[-65.081,43.956],[-75.237,107.207],[-76.81,155.525],[-65.853,174.006],[-64.509,174.978],[-60.704,172.089],[-49.947,159.702],[-18.336,106.406],[-1.887,73.45],[4.464,60.577],[8.498,53.253],[55.843,-36.975],[62.309,-49.992],[77.07,-97.738],[77.7,-106.177]],"c":true},"ix":2},"nm":"Path 1","mn":"ADBE Vector Shape - Group","hd":false},{"ty":"st","c":{"a":0,"k":[0.992156863213,0.46274510026,0.168627455831,1],"ix":3},"o":{"a":0,"k":100,"ix":4},"w":{"a":0,"k":17.165,"ix":5},"lc":2,"lj":2,"bm":0,"nm":"Stroke 1","mn":"ADBE Vector Graphic - Stroke","hd":false},{"ty":"fl","c":{"a":0,"k":[0.992156863213,0.46274510026,0.168627455831,1],"ix":4},"o":{"a":0,"k":100,"ix":5},"r":1,"bm":0,"nm":"Fill 1","mn":"ADBE Vector Graphic - Fill","hd":false},{"ty":"tr","p":{"a":0,"k":[656.825,485.311],"ix":2},"a":{"a":0,"k":[0,0],"ix":1},"s":{"a":0,"k":[100,100],"ix":3},"r":{"a":0,"k":0,"ix":6},"o":{"a":0,"k":100,"ix":7},"sk":{"a":0,"k":0,"ix":4},"sa":{"a":0,"k":0,"ix":5},"nm":"Transform"}],"nm":"Group 8","np":3,"cix":2,"bm":0,"ix":8,"mn":"ADBE Vector Group","hd":false},{"ty":"gr","it":[{"ind":0,"ty":"sh","ix":1,"ks":{"a":0,"k":{"i":[[0.515,2.803],[8.84,10.928],[6.122,2.946],[2.575,1.602],[4.577,0.429],[8.067,-0.372],[1.316,-0.257],[3.29,-0.687],[7.581,-9.04],[2.947,-4.92],[2.689,-16.707],[0.114,-4.863],[0.086,-0.887],[3.833,-22.514],[2.146,-12.873],[0.401,-4.806],[2.575,-21.227],[-1.945,-16.192],[-6.665,-4.377],[-0.458,-0.315],[-8.525,7.781],[-3.261,4.406],[-9.526,18.366],[-5.464,10.985],[-1.545,4.577],[-1.23,2.489],[-16.736,29.58],[-1.23,4.806],[-1.631,16.936],[0,2.803]],"o":[[-1.173,-14.161],[-5.207,-4.062],[-0.143,-0.83],[-4.062,-1.974],[-7.981,-1.659],[-1.316,0.286],[-3.29,0.715],[-10.814,4.177],[-4.491,3.776],[-8.697,14.618],[-1.516,4.663],[-0.172,0.887],[-2.718,22.657],[-2.203,12.845],[-1.573,4.577],[-3.948,20.998],[-1.945,16.049],[0.944,7.753],[0.429,0.343],[8.926,5.979],[4.062,-3.69],[12.359,-16.678],[5.636,-10.899],[2.689,-4.005],[1.345,-2.432],[14.876,-30.553],[2.317,-4.262],[7.981,-14.962],[0.372,-2.832],[0,-2.832]],"v":[[90.087,-116.026],[74.267,-153.302],[59.877,-166.919],[49.75,-171.84],[36.934,-176.016],[12.846,-177.189],[8.87,-176.36],[-1,-174.271],[-29.35,-155.562],[-39.82,-142.002],[-56.441,-94.857],[-58.673,-80.524],[-59.216,-77.892],[-69.172,-10.149],[-75.58,28.442],[-78.212,42.574],[-88.367,105.826],[-89.941,154.144],[-78.984,172.624],[-77.64,173.597],[-47.544,170.708],[-36.788,158.321],[-5.148,105.025],[11.273,72.069],[17.624,59.195],[21.686,51.872],[69.003,-38.357],[75.468,-51.373],[90.23,-99.119],[90.831,-107.558]],"c":true},"ix":2},"nm":"Path 1","mn":"ADBE Vector Shape - Group","hd":false},{"ty":"st","c":{"a":0,"k":[0.980392158031,0.137254908681,0.219607844949,1],"ix":3},"o":{"a":0,"k":100,"ix":4},"w":{"a":0,"k":17.165,"ix":5},"lc":2,"lj":2,"bm":0,"nm":"Stroke 1","mn":"ADBE Vector Graphic - Stroke","hd":false},{"ty":"fl","c":{"a":0,"k":[0.980392158031,0.137254908681,0.219607844949,1],"ix":4},"o":{"a":0,"k":100,"ix":5},"r":1,"bm":0,"nm":"Fill 1","mn":"ADBE Vector Graphic - Fill","hd":false},{"ty":"tr","p":{"a":0,"k":[669.956,486.692],"ix":2},"a":{"a":0,"k":[0,0],"ix":1},"s":{"a":0,"k":[100,100],"ix":3},"r":{"a":0,"k":0,"ix":6},"o":{"a":0,"k":100,"ix":7},"sk":{"a":0,"k":0,"ix":4},"sa":{"a":0,"k":0,"ix":5},"nm":"Transform"}],"nm":"Group 9","np":3,"cix":2,"bm":0,"ix":9,"mn":"ADBE Vector Group","hd":false},{"ty":"gr","it":[{"ind":0,"ty":"sh","ix":1,"ks":{"a":0,"k":{"i":[[-2.267,5.402],[2.45,0.067],[4.626,-1.569],[2.951,-1.73],[1.859,1.615],[-0.667,2.031],[-0.438,1.476],[3.474,10.26],[3.382,-1.479],[5.133,-7.869],[1.491,-2.44],[2,0.213],[0.583,1.988],[0.336,1.276],[4.448,4.908],[1.99,-4.64],[-2.599,-19.031],[-1.098,-0.247],[-13.971,-9.748],[-1.355,0.947],[-3.881,3.405],[-2.022,2.677]],"o":[[0.864,-2.06],[-4.898,-0.134],[-3.242,1.1],[-1.967,1.153],[-1.749,-1.519],[0.481,-1.463],[2.99,-10.086],[-1.21,-3.575],[-8.799,3.848],[-1.56,2.392],[-0.985,1.612],[-2.109,-0.225],[-0.371,-1.266],[-1.679,-6.375],[-3.452,-3.809],[-7.708,17.97],[0.206,1.511],[16.624,3.739],[1.265,0.883],[4.237,-2.963],[2.417,-2.121],[3.532,-4.678]],"v":[[44.979,-1.856],[43.193,-4.783],[28.927,-2.684],[19.683,1.651],[13.883,1.368],[12.738,-4.056],[14.165,-8.45],[14.925,-38.921],[10.109,-41.114],[-10.128,-22.807],[-14.503,-15.43],[-18.891,-13.094],[-22.887,-16.481],[-23.863,-20.318],[-32.856,-37.358],[-38.391,-36.54],[-44.041,19.164],[-41.85,21.089],[4.05,41.323],[7.506,41.33],[19.758,31.873],[36.555,13.424]],"c":true},"ix":2},"nm":"Path 1","mn":"ADBE Vector Shape - Group","hd":false},{"ty":"st","c":{"a":0,"k":[0.078431375325,0.494117647409,0.549019634724,1],"ix":3},"o":{"a":0,"k":100,"ix":4},"w":{"a":0,"k":17.165,"ix":5},"lc":2,"lj":2,"bm":0,"nm":"Stroke 1","mn":"ADBE Vector Graphic - Stroke","hd":false},{"ty":"fl","c":{"a":0,"k":[0.078431375325,0.494117647409,0.549019634724,1],"ix":4},"o":{"a":0,"k":100,"ix":5},"r":1,"bm":0,"nm":"Fill 1","mn":"ADBE Vector Graphic - Fill","hd":false},{"ty":"tr","p":{"a":0,"k":[706.909,324.725],"ix":2},"a":{"a":0,"k":[-27.955,20.488],"ix":1},"s":{"a":0,"k":[100,100],"ix":3},"r":{"a":1,"k":[{"i":{"x":[0.833],"y":[1]},"o":{"x":[0.333],"y":[0]},"t":20,"s":[0]},{"i":{"x":[0.667],"y":[1]},"o":{"x":[0.167],"y":[0]},"t":39,"s":[0]},{"i":{"x":[0.833],"y":[1]},"o":{"x":[0.333],"y":[0]},"t":85,"s":[0]},{"t":104,"s":[0]}],"ix":6,"x":"var $bm_rt;\n$bm_rt = content('Group 11').transform.rotation;"},"o":{"a":0,"k":100,"ix":7},"sk":{"a":0,"k":0,"ix":4},"sa":{"a":0,"k":0,"ix":5},"nm":"Transform"}],"nm":"Group 10","np":3,"cix":2,"bm":0,"ix":10,"mn":"ADBE Vector Group","hd":false},{"ty":"gr","it":[{"ind":0,"ty":"sh","ix":1,"ks":{"a":0,"k":{"i":[[-2.344,7.552],[3.3,-0.228],[6.011,-2.709],[3.74,-2.708],[2.707,1.928],[-0.633,2.815],[-0.396,2.04],[5.999,13.333],[4.352,-2.426],[5.875,-11.238],[1.686,-3.471],[2.714,0.027],[1.041,2.595],[0.617,1.671],[6.613,6.016],[2.071,-6.492],[-5.962,-25.231],[-1.507,-0.189],[-20.035,-11.283],[-1.697,1.449],[-4.772,5.078],[-2.369,3.86]],"o":[[0.894,-2.88],[-6.598,0.456],[-4.213,1.899],[-2.492,1.805],[-2.547,-1.814],[0.456,-2.028],[2.708,-13.939],[-2.09,-4.645],[-11.321,6.312],[-1.786,3.416],[-1.114,2.293],[-2.862,-0.028],[-0.663,-1.652],[-3.083,-8.347],[-5.133,-4.67],[-8.023,25.143],[0.474,2.004],[22.819,2.865],[1.815,1.022],[5.308,-4.53],[2.972,-3.163],[4.139,-6.743]],"v":[[60.763,-7.125],[57.984,-10.827],[39.091,-6.155],[27.234,0.87],[19.406,1.243],[17.162,-5.896],[18.51,-11.985],[15.575,-53.021],[8.821,-55.342],[-15.992,-28.119],[-20.912,-17.641],[-26.503,-13.932],[-32.311,-17.964],[-34.122,-22.992],[-48.415,-44.717],[-55.746,-42.9],[-56.104,32.67],[-52.911,34.972],[11.382,56.198],[16.025,55.758],[31.258,41.463],[51.429,14.496]],"c":true},"ix":2},"nm":"Path 1","mn":"ADBE Vector Shape - Group","hd":false},{"ty":"st","c":{"a":0,"k":[0.0941176489,0.65098041296,0.564705908298,1],"ix":3},"o":{"a":0,"k":100,"ix":4},"w":{"a":0,"k":17.165,"ix":5},"lc":2,"lj":2,"bm":0,"nm":"Stroke 1","mn":"ADBE Vector Graphic - Stroke","hd":false},{"ty":"fl","c":{"a":0,"k":[0.0941176489,0.65098041296,0.564705908298,1],"ix":4},"o":{"a":0,"k":100,"ix":5},"r":1,"bm":0,"nm":"Fill 1","mn":"ADBE Vector Graphic - Fill","hd":false},{"ty":"tr","p":{"a":0,"k":[709.317,318.321],"ix":2},"a":{"a":0,"k":[-20.568,40.025],"ix":1},"s":{"a":0,"k":[100,100],"ix":3},"r":{"a":1,"k":[{"i":{"x":[0.657],"y":[1]},"o":{"x":[0.297],"y":[0]},"t":20,"s":[0]},{"i":{"x":[0.817],"y":[1]},"o":{"x":[0.423],"y":[0]},"t":29,"s":[23]},{"i":{"x":[0.667],"y":[1]},"o":{"x":[0.167],"y":[0]},"t":39,"s":[0]},{"i":{"x":[0.657],"y":[1]},"o":{"x":[0.297],"y":[0]},"t":85,"s":[0]},{"i":{"x":[0.817],"y":[1]},"o":{"x":[0.423],"y":[0]},"t":94,"s":[23]},{"t":104,"s":[0]}],"ix":6},"o":{"a":0,"k":100,"ix":7},"sk":{"a":0,"k":0,"ix":4},"sa":{"a":0,"k":0,"ix":5},"nm":"Transform"}],"nm":"Group 11","np":3,"cix":2,"bm":0,"ix":11,"mn":"ADBE Vector Group","hd":false}],"ip":0,"op":151,"st":0,"ct":1,"bm":0},{"ddd":0,"ind":6,"ty":4,"nm":"Layer 4","sr":1,"ks":{"o":{"a":0,"k":100,"ix":11},"r":{"a":0,"k":0,"ix":10},"p":{"a":1,"k":[{"i":{"x":0.667,"y":1},"o":{"x":0.333,"y":0},"t":10,"s":[555.276,732.738,0],"to":[0,0,0],"ti":[0,0,0]},{"i":{"x":0.667,"y":0.667},"o":{"x":0.333,"y":0.333},"t":15,"s":[570.276,778.738,0],"to":[0,0,0],"ti":[0,0,0]},{"i":{"x":0.667,"y":0.667},"o":{"x":0.333,"y":0.333},"t":20,"s":[570.276,778.738,0],"to":[0,0,0],"ti":[0,0,0]},{"i":{"x":0.667,"y":0.667},"o":{"x":0.333,"y":0.333},"t":39,"s":[570.276,778.738,0],"to":[0,0,0],"ti":[0,0,0]},{"i":{"x":0.667,"y":1},"o":{"x":0.333,"y":0},"t":44,"s":[570.276,778.738,0],"to":[0,0,0],"ti":[0,0,0]},{"i":{"x":0.667,"y":0.667},"o":{"x":0.333,"y":0.333},"t":49,"s":[555.276,732.738,0],"to":[0,0,0],"ti":[0,0,0]},{"i":{"x":0.667,"y":1},"o":{"x":0.333,"y":0},"t":75,"s":[555.276,732.738,0],"to":[0,0,0],"ti":[0,0,0]},{"i":{"x":0.667,"y":0.667},"o":{"x":0.333,"y":0.333},"t":80,"s":[570.276,778.738,0],"to":[0,0,0],"ti":[0,0,0]},{"i":{"x":0.667,"y":0.667},"o":{"x":0.333,"y":0.333},"t":85,"s":[570.276,778.738,0],"to":[0,0,0],"ti":[0,0,0]},{"i":{"x":0.667,"y":0.667},"o":{"x":0.333,"y":0.333},"t":104,"s":[570.276,778.738,0],"to":[0,0,0],"ti":[0,0,0]},{"i":{"x":0.667,"y":1},"o":{"x":0.333,"y":0},"t":109,"s":[570.276,778.738,0],"to":[0,0,0],"ti":[0,0,0]},{"t":114,"s":[555.276,732.738,0]}],"ix":2,"l":2},"a":{"a":0,"k":[555.276,732.738,0],"ix":1,"l":2},"s":{"a":1,"k":[{"i":{"x":[0.667,0.667,0.667],"y":[1,1,1]},"o":{"x":[0.333,0.333,0.333],"y":[0,0,0]},"t":10,"s":[100,100,100]},{"i":{"x":[0.667,0.667,0.667],"y":[1,1,1]},"o":{"x":[0.333,0.333,0.333],"y":[0,0,0]},"t":15,"s":[106,106,100]},{"i":{"x":[0.667,0.667,0.667],"y":[1,1,1]},"o":{"x":[0.333,0.333,0.333],"y":[0,0,0]},"t":20,"s":[100,100,100]},{"i":{"x":[0.667,0.667,0.667],"y":[1,1,1]},"o":{"x":[0.333,0.333,0.333],"y":[0,0,0]},"t":39,"s":[100,100,100]},{"i":{"x":[0.667,0.667,0.667],"y":[1,1,1]},"o":{"x":[0.333,0.333,0.333],"y":[0,0,0]},"t":44,"s":[106,106,100]},{"i":{"x":[0.667,0.667,0.667],"y":[1,1,1]},"o":{"x":[0.333,0.333,0.333],"y":[0,0,0]},"t":49,"s":[100,100,100]},{"i":{"x":[0.667,0.667,0.667],"y":[1,1,1]},"o":{"x":[0.333,0.333,0.333],"y":[0,0,0]},"t":75,"s":[100,100,100]},{"i":{"x":[0.667,0.667,0.667],"y":[1,1,1]},"o":{"x":[0.333,0.333,0.333],"y":[0,0,0]},"t":80,"s":[106,106,100]},{"i":{"x":[0.667,0.667,0.667],"y":[1,1,1]},"o":{"x":[0.333,0.333,0.333],"y":[0,0,0]},"t":85,"s":[100,100,100]},{"i":{"x":[0.667,0.667,0.667],"y":[1,1,1]},"o":{"x":[0.333,0.333,0.333],"y":[0,0,0]},"t":104,"s":[100,100,100]},{"i":{"x":[0.667,0.667,0.667],"y":[1,1,1]},"o":{"x":[0.333,0.333,0.333],"y":[0,0,0]},"t":109,"s":[106,106,100]},{"t":114,"s":[100,100,100]}],"ix":6,"l":2}},"ao":0,"shapes":[{"ty":"gr","it":[{"ind":0,"ty":"sh","ix":1,"ks":{"a":0,"k":{"i":[[-12.325,-33.369],[112.231,-41.455],[12.325,33.369],[-112.231,41.455]],"o":[[12.325,33.369],[-112.231,41.455],[-12.325,-33.369],[112.231,-41.455]],"v":[[203.213,-75.061],[22.317,60.419],[-203.213,75.061],[-22.317,-60.419]],"c":true},"ix":2},"nm":"Path 1","mn":"ADBE Vector Shape - Group","hd":false},{"ty":"st","c":{"a":0,"k":[0.635294139385,0.964705884457,0.960784316063,1],"ix":3},"o":{"a":0,"k":100,"ix":4},"w":{"a":0,"k":17.165,"ix":5},"lc":2,"lj":2,"bm":0,"nm":"Stroke 1","mn":"ADBE Vector Graphic - Stroke","hd":false},{"ty":"fl","c":{"a":0,"k":[0.15006534352,0.902002611347,0.933333333333,1],"ix":4},"o":{"a":0,"k":100,"ix":5},"r":1,"bm":0,"nm":"Fill 1","mn":"ADBE Vector Graphic - Fill","hd":false},{"ty":"tr","p":{"a":0,"k":[556.993,728.413],"ix":2},"a":{"a":0,"k":[0,0],"ix":1},"s":{"a":1,"k":[{"i":{"x":[0.667,0.667],"y":[1,1]},"o":{"x":[0.333,0.333],"y":[0,0]},"t":10,"s":[69,69]},{"i":{"x":[0.667,0.667],"y":[1,1]},"o":{"x":[0.333,0.333],"y":[0,0]},"t":15,"s":[54,54]},{"i":{"x":[0.833,0.833],"y":[1,1]},"o":{"x":[0.167,0.167],"y":[0,0]},"t":20,"s":[69,69]},{"i":{"x":[0.667,0.667],"y":[1,1]},"o":{"x":[0.333,0.333],"y":[0,0]},"t":39,"s":[69,69]},{"i":{"x":[0.667,0.667],"y":[1,1]},"o":{"x":[0.333,0.333],"y":[0,0]},"t":44,"s":[54,54]},{"i":{"x":[0.833,0.833],"y":[1,1]},"o":{"x":[0.167,0.167],"y":[0,0]},"t":49,"s":[69,69]},{"i":{"x":[0.667,0.667],"y":[1,1]},"o":{"x":[0.333,0.333],"y":[0,0]},"t":75,"s":[69,69]},{"i":{"x":[0.667,0.667],"y":[1,1]},"o":{"x":[0.333,0.333],"y":[0,0]},"t":80,"s":[54,54]},{"i":{"x":[0.833,0.833],"y":[1,1]},"o":{"x":[0.167,0.167],"y":[0,0]},"t":85,"s":[69,69]},{"i":{"x":[0.667,0.667],"y":[1,1]},"o":{"x":[0.333,0.333],"y":[0,0]},"t":104,"s":[69,69]},{"i":{"x":[0.667,0.667],"y":[1,1]},"o":{"x":[0.333,0.333],"y":[0,0]},"t":109,"s":[54,54]},{"t":114,"s":[69,69]}],"ix":3},"r":{"a":0,"k":0,"ix":6},"o":{"a":1,"k":[{"i":{"x":[0.667],"y":[1]},"o":{"x":[0.333],"y":[0]},"t":10,"s":[70]},{"i":{"x":[0.667],"y":[1]},"o":{"x":[0.333],"y":[0]},"t":15,"s":[55]},{"i":{"x":[0.667],"y":[1]},"o":{"x":[0.333],"y":[0]},"t":20,"s":[70]},{"i":{"x":[0.667],"y":[1]},"o":{"x":[0.333],"y":[0]},"t":39,"s":[70]},{"i":{"x":[0.667],"y":[1]},"o":{"x":[0.333],"y":[0]},"t":44,"s":[55]},{"i":{"x":[0.667],"y":[1]},"o":{"x":[0.333],"y":[0]},"t":49,"s":[70]},{"i":{"x":[0.667],"y":[1]},"o":{"x":[0.333],"y":[0]},"t":75,"s":[70]},{"i":{"x":[0.667],"y":[1]},"o":{"x":[0.333],"y":[0]},"t":80,"s":[55]},{"i":{"x":[0.667],"y":[1]},"o":{"x":[0.333],"y":[0]},"t":85,"s":[70]},{"i":{"x":[0.667],"y":[1]},"o":{"x":[0.333],"y":[0]},"t":104,"s":[70]},{"i":{"x":[0.667],"y":[1]},"o":{"x":[0.333],"y":[0]},"t":109,"s":[55]},{"t":114,"s":[70]}],"ix":7},"sk":{"a":0,"k":0,"ix":4},"sa":{"a":0,"k":0,"ix":5},"nm":"Transform"}],"nm":"Group 5","np":3,"cix":2,"bm":0,"ix":1,"mn":"ADBE Vector Group","hd":false},{"ty":"gr","it":[{"ind":0,"ty":"sh","ix":1,"ks":{"a":0,"k":{"i":[[-12.325,-33.369],[112.231,-41.455],[12.325,33.369],[-112.231,41.455]],"o":[[12.325,33.369],[-112.231,41.455],[-12.325,-33.369],[112.231,-41.455]],"v":[[203.213,-75.061],[22.317,60.419],[-203.213,75.061],[-22.317,-60.419]],"c":true},"ix":2},"nm":"Path 1","mn":"ADBE Vector Shape - Group","hd":false},{"ty":"st","c":{"a":0,"k":[0.635294139385,0.964705884457,0.960784316063,1],"ix":3},"o":{"a":0,"k":100,"ix":4},"w":{"a":0,"k":17.165,"ix":5},"lc":2,"lj":2,"bm":0,"nm":"Stroke 1","mn":"ADBE Vector Graphic - Stroke","hd":false},{"ty":"fl","c":{"a":0,"k":[0.635294139385,0.964705884457,0.960784316063,1],"ix":4},"o":{"a":0,"k":100,"ix":5},"r":1,"bm":0,"nm":"Fill 1","mn":"ADBE Vector Graphic - Fill","hd":false},{"ty":"tr","p":{"a":0,"k":[556.993,728.413],"ix":2},"a":{"a":0,"k":[0,0],"ix":1},"s":{"a":0,"k":[100,100],"ix":3},"r":{"a":0,"k":0,"ix":6},"o":{"a":0,"k":100,"ix":7},"sk":{"a":0,"k":0,"ix":4},"sa":{"a":0,"k":0,"ix":5},"nm":"Transform"}],"nm":"Group 1","np":3,"cix":2,"bm":0,"ix":2,"mn":"ADBE Vector Group","hd":false},{"ty":"gr","it":[{"ind":0,"ty":"sh","ix":1,"ks":{"a":0,"k":{"i":[[-14.577,-39.464],[132.732,-49.028],[14.577,39.464],[-132.732,49.028]],"o":[[14.577,39.464],[-132.732,49.028],[-14.577,-39.464],[132.732,-49.028]],"v":[[240.333,-88.772],[26.394,71.456],[-240.333,88.772],[-26.394,-71.456]],"c":true},"ix":2},"nm":"Path 1","mn":"ADBE Vector Shape - Group","hd":false},{"ty":"st","c":{"a":0,"k":[0.482352942228,0.89411765337,0.964705884457,1],"ix":3},"o":{"a":0,"k":100,"ix":4},"w":{"a":0,"k":17.165,"ix":5},"lc":2,"lj":2,"bm":0,"nm":"Stroke 1","mn":"ADBE Vector Graphic - Stroke","hd":false},{"ty":"fl","c":{"a":0,"k":[0.482352942228,0.89411765337,0.964705884457,1],"ix":4},"o":{"a":0,"k":100,"ix":5},"r":1,"bm":0,"nm":"Fill 1","mn":"ADBE Vector Graphic - Fill","hd":false},{"ty":"tr","p":{"a":0,"k":[552.916,717.376],"ix":2},"a":{"a":0,"k":[0,0],"ix":1},"s":{"a":0,"k":[100,100],"ix":3},"r":{"a":0,"k":0,"ix":6},"o":{"a":0,"k":100,"ix":7},"sk":{"a":0,"k":0,"ix":4},"sa":{"a":0,"k":0,"ix":5},"nm":"Transform"}],"nm":"Group 2","np":3,"cix":2,"bm":0,"ix":3,"mn":"ADBE Vector Group","hd":false},{"ty":"gr","it":[{"ind":0,"ty":"sh","ix":1,"ks":{"a":0,"k":{"i":[[-20.737,-56.142],[161.768,-59.752],[20.737,56.142],[-161.768,59.752]],"o":[[20.737,56.142],[-161.768,59.752],[-20.737,-56.142],[161.768,-59.752]],"v":[[292.906,-108.191],[37.548,101.654],[-292.906,108.191],[-37.548,-101.654]],"c":true},"ix":2},"nm":"Path 1","mn":"ADBE Vector Shape - Group","hd":false},{"ty":"st","c":{"a":0,"k":[1,1,1,1],"ix":3},"o":{"a":0,"k":100,"ix":4},"w":{"a":0,"k":17.165,"ix":5},"lc":2,"lj":2,"bm":0,"nm":"Stroke 1","mn":"ADBE Vector Graphic - Stroke","hd":false},{"ty":"fl","c":{"a":0,"k":[1,1,1,1],"ix":4},"o":{"a":0,"k":100,"ix":5},"r":1,"bm":0,"nm":"Fill 1","mn":"ADBE Vector Graphic - Fill","hd":false},{"ty":"tr","p":{"a":0,"k":[555.276,723.765],"ix":2},"a":{"a":0,"k":[0,0],"ix":1},"s":{"a":0,"k":[100,100],"ix":3},"r":{"a":0,"k":0,"ix":6},"o":{"a":0,"k":100,"ix":7},"sk":{"a":0,"k":0,"ix":4},"sa":{"a":0,"k":0,"ix":5},"nm":"Transform"}],"nm":"Group 3","np":3,"cix":2,"bm":0,"ix":4,"mn":"ADBE Vector Group","hd":false},{"ty":"gr","it":[{"ty":"gr","it":[{"ind":0,"ty":"sh","ix":1,"ks":{"a":0,"k":{"i":[[32.788,-19.131],[106.19,-19.266],[25.282,28.317],[3.069,3.38],[-26.86,9.921],[0,0],[0.847,-28.621],[0.098,-4.649]],"o":[[-93.217,54.389],[-37.351,6.777],[-3.097,-3.468],[-19.249,-21.198],[0,0],[26.86,-9.921],[-0.135,4.563],[-0.804,37.952]],"v":[[183.767,17.117],[-117.662,128.456],[-218.589,93.898],[-227.837,83.625],[-211.987,18.598],[184.03,-127.679],[238.345,-88.569],[237.995,-74.751]],"c":true},"ix":2},"nm":"Path 1","mn":"ADBE Vector Shape - Group","hd":false},{"ty":"st","c":{"a":0,"k":[0.113725490868,0.772549033165,0.800000011921,1],"ix":3},"o":{"a":0,"k":100,"ix":4},"w":{"a":0,"k":17.165,"ix":5},"lc":2,"lj":2,"bm":0,"nm":"Stroke 1","mn":"ADBE Vector Graphic - Stroke","hd":false},{"ty":"fl","c":{"a":0,"k":[0.113725490868,0.772549033165,0.800000011921,1],"ix":4},"o":{"a":0,"k":100,"ix":5},"r":1,"bm":0,"nm":"Fill 1","mn":"ADBE Vector Graphic - Fill","hd":false},{"ty":"tr","p":{"a":0,"k":[0,0],"ix":2},"a":{"a":0,"k":[0,0],"ix":1},"s":{"a":0,"k":[100,100],"ix":3},"r":{"a":0,"k":0,"ix":6},"o":{"a":0,"k":100,"ix":7},"sk":{"a":0,"k":0,"ix":4},"sa":{"a":0,"k":0,"ix":5},"nm":"Transform"}],"nm":"Group 1","np":3,"cix":2,"bm":0,"ix":1,"mn":"ADBE Vector Group","hd":false},{"ty":"tr","p":{"a":0,"k":[572.503,759.948],"ix":2},"a":{"a":0,"k":[0,0],"ix":1},"s":{"a":0,"k":[100,100],"ix":3},"r":{"a":0,"k":0,"ix":6},"o":{"a":0,"k":100,"ix":7},"sk":{"a":0,"k":0,"ix":4},"sa":{"a":0,"k":0,"ix":5},"nm":"Transform"}],"nm":"Group 4","np":1,"cix":2,"bm":0,"ix":5,"mn":"ADBE Vector Group","hd":false}],"ip":0,"op":151,"st":0,"ct":1,"bm":0}],"markers":[{"tm":10,"cm":"batas Loop","dr":0},{"tm":75,"cm":"Loop 2","dr":0},{"tm":149,"cm":"batas Loop","dr":0}]}